-- phpMyAdmin SQL Dump
-- version 5.2.1
-- https://www.phpmyadmin.net/
--
-- Host: 127.0.0.1
-- Waktu pembuatan: 20 Jul 2026 pada 05.34
-- Versi server: 10.4.32-MariaDB
-- Versi PHP: 8.2.12

SET SQL_MODE = "NO_AUTO_VALUE_ON_ZERO";
START TRANSACTION;
SET time_zone = "+00:00";


/*!40101 SET @OLD_CHARACTER_SET_CLIENT=@@CHARACTER_SET_CLIENT */;
/*!40101 SET @OLD_CHARACTER_SET_RESULTS=@@CHARACTER_SET_RESULTS */;
/*!40101 SET @OLD_COLLATION_CONNECTION=@@COLLATION_CONNECTION */;
/*!40101 SET NAMES utf8mb4 */;

--
-- Database: `jadwal_jakarta`
--

-- --------------------------------------------------------

--
-- Struktur dari tabel `classes`
--

CREATE TABLE `classes` (
  `id_kelas` int(11) NOT NULL,
  `nama_kelas` varchar(100) NOT NULL,
  `shift_operasional` varchar(10) DEFAULT NULL CHECK (`shift_operasional` in ('PAGI','SIANG')),
  `tingkat` varchar(50) DEFAULT NULL,
  `jurusan` varchar(100) DEFAULT NULL
) ENGINE=InnoDB DEFAULT CHARSET=utf8mb4 COLLATE=utf8mb4_general_ci;

--
-- Dumping data untuk tabel `classes`
--

INSERT INTO `classes` (`id_kelas`, `nama_kelas`, `shift_operasional`, `tingkat`, `jurusan`) VALUES
(1, 'X AKL 1', 'PAGI', 'X', 'AKL'),
(2, 'X OTKP 1', 'PAGI', 'X', 'OTKP'),
(3, 'X OTKP 2', 'PAGI', 'X', 'OTKP'),
(4, 'X OTKP 3', 'SIANG', 'X', 'OTKP'),
(5, 'X OTKP 4', 'SIANG', 'X', 'OTKP'),
(6, 'X TKJ 1', 'PAGI', 'X', 'TKJ'),
(7, 'X TKJ 2', 'PAGI', 'X', 'TKJ'),
(8, 'X TKJ 3', 'SIANG', 'X', 'TKJ'),
(9, 'X TKJ 4', 'SIANG', 'X', 'TKJ'),
(10, 'X TKJ 5', 'SIANG', 'X', 'TKJ'),
(11, 'XI OTKP 1', 'SIANG', 'XI', 'OTKP'),
(12, 'XI OTKP 2', 'SIANG', 'XI', 'OTKP'),
(13, 'XI OTKP 3', 'SIANG', 'XI', 'OTKP'),
(14, 'XI AKL 1', 'SIANG', 'XI', 'AKL'),
(15, 'XI TKJ 1', 'SIANG', 'XI', 'TKJ'),
(16, 'XI TKJ 2', 'SIANG', 'XI', 'TKJ'),
(17, 'XI TKJ 3', 'SIANG', 'XI', 'TKJ'),
(18, 'XI TKJ 4', 'SIANG', 'XI', 'TKJ'),
(19, 'XII AK 1', 'PAGI', 'XII', 'AKL'),
(20, 'XII OTKP 1', 'PAGI', 'XII', 'OTKP'),
(21, 'XII OTKP 2', 'PAGI', 'XII', 'OTKP'),
(22, 'XII TKJ 1', 'PAGI', 'XII', 'TKJ'),
(23, 'XII TKJ 2', 'PAGI', 'XII', 'TKJ'),
(24, 'XII TKJ 3', 'PAGI', 'XII', 'TKJ'),
(25, 'XII TKJ 4', 'PAGI', 'XII', 'TKJ');

-- --------------------------------------------------------

--
-- Struktur dari tabel `class_subjects`
--

CREATE TABLE `class_subjects` (
  `id_class_subject` int(11) NOT NULL,
  `id_kelas` int(11) DEFAULT NULL,
  `id_mapel` int(11) DEFAULT NULL,
  `durasi_jp` int(11) NOT NULL,
  `id_guru_mutlak` int(11) DEFAULT NULL
) ENGINE=InnoDB DEFAULT CHARSET=utf8mb4 COLLATE=utf8mb4_general_ci;

--
-- Dumping data untuk tabel `class_subjects`
--

INSERT INTO `class_subjects` (`id_class_subject`, `id_kelas`, `id_mapel`, `durasi_jp`, `id_guru_mutlak`) VALUES
(1, 1, 1, 2, 9),
(2, 1, 16, 2, 11),
(3, 1, 29, 2, 12),
(4, 1, 10, 4, 13),
(5, 1, 21, 5, 18),
(6, 1, 9, 3, 20),
(7, 1, 27, 2, 20),
(8, 1, 5, 3, 21),
(9, 1, 34, 2, 21),
(10, 1, 30, 2, 21),
(11, 1, 14, 2, 27),
(12, 1, 33, 2, 27),
(13, 1, 17, 2, 29),
(14, 1, 35, 2, 33),
(15, 1, 15, 3, 34),
(16, 1, 36, 2, 34),
(17, 2, 10, 4, 7),
(18, 2, 3, 2, 22),
(19, 2, 9, 3, 30),
(20, 2, 15, 3, 34),
(21, 2, 16, 2, 11),
(22, 2, 17, 2, 29),
(23, 2, 19, 3, 15),
(24, 2, 21, 5, 18),
(25, 2, 22, 3, 22),
(26, 2, 27, 2, 20),
(27, 2, 29, 2, 12),
(28, 2, 33, 2, 27),
(29, 2, 34, 2, 14),
(30, 2, 35, 2, 33),
(31, 2, 40, 3, 27),
(32, 3, 10, 4, 7),
(33, 3, 3, 2, 22),
(34, 3, 9, 3, 30),
(35, 3, 15, 3, 34),
(36, 3, 16, 2, 11),
(37, 3, 17, 2, 29),
(38, 3, 19, 3, 5),
(39, 3, 21, 5, 18),
(40, 3, 22, 3, 22),
(41, 3, 27, 2, 20),
(42, 3, 29, 2, 12),
(43, 3, 33, 2, 27),
(44, 3, 34, 2, 14),
(45, 3, 35, 2, 33),
(46, 3, 40, 3, 27),
(47, 4, 10, 4, 17),
(48, 4, 3, 2, 22),
(49, 4, 9, 3, 30),
(50, 4, 15, 3, 34),
(51, 4, 16, 2, 11),
(52, 4, 17, 2, 29),
(53, 4, 19, 3, 15),
(54, 4, 21, 5, 18),
(55, 4, 22, 3, 5),
(56, 4, 27, 2, 20),
(57, 4, 29, 2, 12),
(58, 4, 33, 2, 27),
(59, 4, 34, 2, 14),
(60, 4, 35, 2, 33),
(61, 4, 40, 3, 27),
(62, 5, 10, 4, 17),
(63, 5, 3, 2, 22),
(64, 5, 9, 3, 30),
(65, 5, 15, 3, 34),
(66, 5, 16, 2, 11),
(67, 5, 17, 2, 29),
(68, 5, 19, 3, 15),
(69, 5, 21, 5, 18),
(70, 5, 22, 3, 27),
(71, 5, 27, 2, 20),
(72, 5, 29, 2, 12),
(73, 5, 33, 2, 27),
(74, 5, 34, 2, 14),
(75, 5, 35, 2, 33),
(76, 5, 40, 3, 27),
(77, 6, 9, 3, 30),
(78, 6, 16, 2, 11),
(79, 6, 26, 2, 10),
(80, 6, 29, 2, 24),
(81, 6, 33, 2, 27),
(82, 6, 34, 2, 5),
(83, 6, 35, 2, 33),
(84, 6, 11, 3, 23),
(85, 6, 15, 3, 34),
(86, 6, 17, 3, 29),
(87, 6, 38, 3, 26),
(88, 6, 10, 4, 13),
(89, 6, 12, 4, 19),
(90, 6, 21, 5, 31),
(91, 7, 9, 3, 30),
(92, 7, 16, 2, 11),
(93, 7, 26, 2, 10),
(94, 7, 29, 2, 24),
(95, 7, 33, 2, 27),
(96, 7, 34, 2, 5),
(97, 7, 35, 2, 33),
(98, 7, 11, 3, 23),
(99, 7, 15, 3, 34),
(100, 7, 17, 3, 29),
(101, 7, 38, 3, 26),
(102, 7, 10, 4, 13),
(103, 7, 12, 4, 19),
(104, 7, 21, 5, 31),
(105, 8, 9, 3, 20),
(106, 8, 16, 2, 11),
(107, 8, 26, 2, 10),
(108, 8, 29, 2, 12),
(109, 8, 33, 2, 27),
(110, 8, 34, 2, 14),
(111, 8, 35, 2, 33),
(112, 8, 11, 3, 32),
(113, 8, 15, 3, 34),
(114, 8, 17, 3, 29),
(115, 8, 38, 3, 26),
(116, 8, 10, 4, 13),
(117, 8, 12, 4, 19),
(118, 8, 21, 5, 31),
(119, 9, 9, 3, 20),
(120, 9, 16, 2, 11),
(121, 9, 26, 2, 10),
(122, 9, 29, 2, 12),
(123, 9, 33, 2, 21),
(124, 9, 34, 2, 14),
(125, 9, 35, 2, 33),
(126, 9, 11, 3, 23),
(127, 9, 15, 3, 34),
(128, 9, 17, 3, 29),
(129, 9, 38, 3, 26),
(130, 9, 10, 4, 13),
(131, 9, 12, 4, 19),
(132, 9, 21, 5, 31),
(133, 10, 9, 3, 20),
(134, 10, 16, 2, 11),
(135, 10, 26, 2, 10),
(136, 10, 29, 2, 12),
(137, 10, 33, 2, 21),
(138, 10, 34, 2, 14),
(139, 10, 35, 2, 33),
(140, 10, 11, 3, 23),
(141, 10, 15, 3, 34),
(142, 10, 17, 3, 29),
(143, 10, 38, 3, 26),
(144, 10, 10, 4, 17),
(145, 10, 12, 4, 19),
(146, 10, 21, 5, 18),
(147, 11, 9, 3, 20),
(148, 11, 10, 4, 7),
(149, 11, 18, 2, 22),
(150, 11, 21, 5, 2),
(151, 11, 22, 4, 15),
(152, 11, 23, 2, 22),
(153, 11, 24, 3, 5),
(154, 11, 25, 2, 22),
(155, 11, 26, 2, 10),
(156, 11, 29, 2, 4),
(157, 11, 31, 2, 19),
(158, 11, 32, 3, 6),
(159, 11, 34, 2, 5),
(160, 11, 35, 2, 14),
(161, 11, 27, 2, NULL),
(162, 12, 9, 3, 20),
(163, 12, 10, 4, 7),
(164, 12, 18, 2, 22),
(165, 12, 21, 5, 2),
(166, 12, 22, 4, 15),
(167, 12, 23, 2, 22),
(168, 12, 24, 3, 5),
(169, 12, 25, 2, 22),
(170, 12, 26, 2, 10),
(171, 12, 29, 2, 24),
(172, 12, 31, 2, 19),
(173, 12, 32, 3, 6),
(174, 12, 34, 2, 5),
(175, 12, 35, 2, 14),
(176, 12, 27, 2, NULL),
(177, 13, 9, 3, 20),
(178, 13, 10, 4, 7),
(179, 13, 18, 2, 22),
(180, 13, 21, 5, 2),
(181, 13, 22, 4, 22),
(182, 13, 23, 2, 22),
(183, 13, 24, 3, 5),
(184, 13, 25, 2, 22),
(185, 13, 26, 2, 10),
(186, 13, 29, 2, 4),
(187, 13, 31, 2, 19),
(188, 13, 32, 3, 6),
(189, 13, 34, 2, 5),
(190, 13, 35, 2, 14),
(191, 13, 27, 2, NULL),
(192, 14, 9, 2, 30),
(193, 14, 1, 2, 9),
(194, 14, 3, 2, 22),
(195, 14, 4, 2, 5),
(196, 14, 6, 2, 25),
(197, 14, 7, 2, 22),
(198, 14, 8, 2, 25),
(199, 14, 10, 4, 7),
(200, 14, 13, 2, 25),
(201, 14, 21, 5, 3),
(202, 14, 27, 2, 20),
(203, 14, 29, 2, 4),
(204, 14, 31, 2, 19),
(205, 14, 32, 3, 6),
(206, 14, 33, 2, 21),
(207, 14, 34, 2, 14),
(208, 14, 35, 2, 33),
(209, 15, 2, 3, 28),
(210, 15, 9, 3, 30),
(211, 15, 10, 4, 13),
(212, 15, 21, 5, 3),
(213, 15, 26, 2, 10),
(214, 15, 29, 2, 4),
(215, 15, 31, 2, 19),
(216, 15, 32, 3, 21),
(217, 15, 33, 2, 21),
(218, 15, 34, 2, 21),
(219, 15, 35, 2, 33),
(220, 15, 37, 3, 16),
(221, 15, 39, 4, 32),
(222, 15, 42, 3, 26),
(223, 16, 2, 3, 28),
(224, 16, 9, 3, 30),
(225, 16, 10, 4, 13),
(226, 16, 21, 5, 31),
(227, 16, 26, 2, 10),
(228, 16, 29, 2, 4),
(229, 16, 31, 2, 19),
(230, 16, 32, 3, 21),
(231, 16, 33, 2, 21),
(232, 16, 34, 2, 21),
(233, 16, 35, 2, 33),
(234, 16, 37, 3, 16),
(235, 16, 39, 4, 32),
(236, 16, 42, 3, 26),
(237, 17, 2, 3, 26),
(238, 17, 9, 3, 30),
(239, 17, 10, 4, 17),
(240, 17, 21, 5, 11),
(241, 17, 26, 2, 10),
(242, 17, 29, 2, 4),
(243, 17, 31, 2, 19),
(244, 17, 32, 3, 21),
(245, 17, 33, 2, 21),
(246, 17, 34, 2, 5),
(247, 17, 35, 2, 33),
(248, 17, 37, 3, 16),
(249, 17, 39, 4, 32),
(250, 17, 42, 3, 19),
(251, 18, 2, 3, 26),
(252, 18, 9, 3, 30),
(253, 18, 10, 4, 17),
(254, 18, 21, 5, 11),
(255, 18, 26, 2, 10),
(256, 18, 29, 2, 4),
(257, 18, 31, 2, 19),
(258, 18, 32, 3, 6),
(259, 18, 33, 2, 21),
(260, 18, 34, 2, 5),
(261, 18, 35, 2, 33),
(262, 18, 37, 3, 16),
(263, 18, 39, 4, 28),
(264, 18, 42, 3, 19),
(265, 19, 1, 3, 9),
(266, 19, 4, 2, 5),
(267, 19, 6, 2, 25),
(268, 19, 7, 2, 22),
(269, 19, 8, 4, 25),
(270, 19, 9, 3, 30),
(271, 19, 10, 4, 13),
(272, 19, 13, 2, 5),
(273, 19, 21, 5, 11),
(274, 19, 26, 2, 10),
(275, 19, 29, 2, 4),
(276, 19, 32, 3, 6),
(277, 19, 33, 2, 27),
(278, 19, 34, 2, 21),
(279, 19, 35, 2, 33),
(280, 20, 10, 4, 13),
(281, 20, 13, 2, 5),
(282, 20, 18, 2, 22),
(283, 20, 21, 5, 2),
(284, 20, 22, 4, 15),
(285, 20, 23, 2, 22),
(286, 20, 24, 3, 5),
(287, 20, 25, 2, 22),
(288, 20, 27, 2, 20),
(289, 20, 29, 2, 4),
(290, 20, 32, 3, 21),
(291, 20, 33, 2, 8),
(292, 20, 34, 2, 21),
(293, 20, 9, 3, 30),
(294, 20, 35, 2, 33),
(295, 21, 10, 4, 13),
(296, 21, 13, 2, 5),
(297, 21, 18, 2, 22),
(298, 21, 21, 5, 2),
(299, 21, 22, 4, 15),
(300, 21, 23, 2, 22),
(301, 21, 24, 3, 5),
(302, 21, 25, 2, 22),
(303, 21, 27, 2, 20),
(304, 21, 29, 2, 4),
(305, 21, 32, 3, 21),
(306, 21, 33, 2, 8),
(307, 21, 34, 2, 21),
(308, 21, 9, 3, 30),
(309, 21, 35, 2, 33),
(310, 22, 2, 4, 26),
(311, 22, 9, 3, 20),
(312, 22, 10, 4, 7),
(313, 22, 21, 5, 3),
(314, 22, 26, 2, 10),
(315, 22, 29, 2, 12),
(316, 22, 32, 3, 6),
(317, 22, 33, 2, 27),
(318, 22, 34, 2, 5),
(319, 22, 35, 2, 33),
(320, 22, 37, 4, 19),
(321, 22, 41, 4, 16),
(322, 22, 42, 3, 26),
(323, 23, 2, 4, 26),
(324, 23, 9, 3, 20),
(325, 23, 10, 4, 7),
(326, 23, 21, 5, 3),
(327, 23, 26, 2, 10),
(328, 23, 29, 2, 12),
(329, 23, 32, 3, 6),
(330, 23, 33, 2, 27),
(331, 23, 34, 2, 5),
(332, 23, 35, 2, 33),
(333, 23, 37, 4, 19),
(334, 23, 41, 4, 16),
(335, 23, 42, 3, 26),
(336, 24, 2, 4, 16),
(337, 24, 9, 3, 20),
(338, 24, 10, 4, 7),
(339, 24, 21, 5, 31),
(340, 24, 26, 2, 10),
(341, 24, 29, 2, 12),
(342, 24, 32, 3, 6),
(343, 24, 33, 2, 27),
(344, 24, 34, 2, 14),
(345, 24, 35, 2, 33),
(346, 24, 37, 4, 19),
(347, 24, 41, 4, 32),
(348, 24, 42, 3, 26),
(349, 25, 2, 4, 16),
(350, 25, 9, 3, 20),
(351, 25, 10, 4, 7),
(352, 25, 21, 5, 31),
(353, 25, 26, 2, 10),
(354, 25, 29, 2, 12),
(355, 25, 32, 3, 6),
(356, 25, 33, 2, 27),
(357, 25, 34, 2, 14),
(358, 25, 35, 2, 33),
(359, 25, 37, 4, 19),
(360, 25, 41, 4, 32),
(361, 25, 42, 3, 26);

-- --------------------------------------------------------

--
-- Struktur dari tabel `lms_endpoints`
--

CREATE TABLE `lms_endpoints` (
  `id` int(11) NOT NULL,
  `nama_label` varchar(100) NOT NULL,
  `endpoint_url` varchar(500) NOT NULL,
  `bearer_token` text NOT NULL,
  `keterangan` varchar(255) DEFAULT NULL,
  `is_active` tinyint(1) DEFAULT 0,
  `created_at` timestamp NOT NULL DEFAULT current_timestamp()
) ENGINE=InnoDB DEFAULT CHARSET=utf8mb4 COLLATE=utf8mb4_general_ci;

-- --------------------------------------------------------

--
-- Struktur dari tabel `subjects`
--

CREATE TABLE `subjects` (
  `id_mapel` int(11) NOT NULL,
  `nama_mapel` varchar(200) NOT NULL,
  `kategori_mapel` varchar(100) DEFAULT NULL,
  `tingkat` varchar(50) DEFAULT NULL,
  `jurusan` varchar(100) DEFAULT NULL
) ENGINE=InnoDB DEFAULT CHARSET=utf8mb4 COLLATE=utf8mb4_general_ci;

--
-- Dumping data untuk tabel `subjects`
--

INSERT INTO `subjects` (`id_mapel`, `nama_mapel`, `kategori_mapel`, `tingkat`, `jurusan`) VALUES
(1, 'Accurate', 'PRODUKTIF', NULL, NULL),
(2, 'Adm Sistem Jaringan', 'PRODUKTIF', NULL, NULL),
(3, 'Adm Umum', 'PRODUKTIF', NULL, NULL),
(4, 'Adm. Pajak', 'PRODUKTIF', NULL, NULL),
(5, 'AK Dasar', 'PRODUKTIF', NULL, NULL),
(6, 'AK Keuangan', 'PRODUKTIF', NULL, NULL),
(7, 'AK Lembaga', 'PRODUKTIF', NULL, NULL),
(8, 'AK Manufaktur', 'PRODUKTIF', NULL, NULL),
(9, 'Bahasa Indonesia', 'UMUM', NULL, NULL),
(10, 'Bahasa Inggris', 'UMUM', NULL, NULL),
(11, 'Bisnis Tek Informasi', 'PRODUKTIF', NULL, NULL),
(12, 'Dasar Komp Jaringan', 'PRODUKTIF', NULL, NULL),
(13, 'Ekonomi Bisnis', 'PRODUKTIF', NULL, NULL),
(14, 'Etika Profesi', 'PRODUKTIF', NULL, NULL),
(15, 'Informatika', 'UMUM', NULL, NULL),
(16, 'IPAS', 'UMUM', NULL, NULL),
(17, 'K3LH', 'PRODUKTIF', NULL, NULL),
(18, 'Kearsipan', 'PRODUKTIF', NULL, NULL),
(19, 'Korespondensi', 'PRODUKTIF', NULL, NULL),
(20, 'Komputer Akuntansi', 'PRODUKTIF', NULL, NULL),
(21, 'Matematika', 'UMUM', NULL, NULL),
(22, 'OTK Humas', 'PRODUKTIF', NULL, NULL),
(23, 'OTK Kepegawaian', 'PRODUKTIF', NULL, NULL),
(24, 'OTK Keuangan', 'PRODUKTIF', NULL, NULL),
(25, 'OTK Sarpras', 'PRODUKTIF', NULL, NULL),
(26, 'PAI', 'UMUM', NULL, NULL),
(27, 'Pend. Agama Islam', 'UMUM', NULL, NULL),
(28, 'Pend. Agama Kristen', 'UMUM', NULL, NULL),
(29, 'Penjasorkes', 'OLAHRAGA', NULL, NULL),
(30, 'Perbankan Dasar', 'PRODUKTIF', NULL, NULL),
(31, 'Photoshop / Editing', 'PRODUKTIF', NULL, NULL),
(32, 'PKK', 'UMUM', NULL, NULL),
(33, 'PPKn', 'UMUM', NULL, NULL),
(34, 'Sejarah', 'UMUM', NULL, NULL),
(35, 'Seni Budaya', 'UMUM', NULL, NULL),
(36, 'Spreadsheet', 'PRODUKTIF', NULL, NULL),
(37, 'Tek Insfr Jaringan', 'PRODUKTIF', NULL, NULL),
(38, 'Tek Jaringan Komp', 'PRODUKTIF', NULL, NULL),
(39, 'Tek Layanan Jaringan', 'PRODUKTIF', NULL, NULL),
(40, 'Tek Perkantoran', 'PRODUKTIF', NULL, NULL),
(41, 'Teknologi Layanan Jaringan', 'PRODUKTIF', NULL, NULL),
(42, 'WAN', 'PRODUKTIF', NULL, NULL);

-- --------------------------------------------------------

--
-- Struktur dari tabel `system_settings`
--

CREATE TABLE `system_settings` (
  `key` varchar(100) NOT NULL,
  `value` text NOT NULL
) ENGINE=InnoDB DEFAULT CHARSET=utf8mb4 COLLATE=utf8mb4_general_ci;

-- --------------------------------------------------------

--
-- Struktur dari tabel `teachers`
--

CREATE TABLE `teachers` (
  `id_guru` int(11) NOT NULL,
  `nama_guru` varchar(255) NOT NULL,
  `kode_guru` int(11) NOT NULL,
  `hari_tersedia` text NOT NULL,
  `shift_pagi` tinyint(1) DEFAULT 1,
  `shift_siang` tinyint(1) DEFAULT 1,
  `hari_tersedia_pagi` text DEFAULT NULL,
  `hari_tersedia_siang` text DEFAULT NULL,
  `min_jp` int(11) DEFAULT 2,
  `max_jp` int(11) DEFAULT 60,
  `allowed_jp_pagi` text DEFAULT NULL,
  `allowed_jp_siang` text DEFAULT NULL,
  `no_wa` varchar(50) DEFAULT NULL
) ENGINE=InnoDB DEFAULT CHARSET=utf8mb4 COLLATE=utf8mb4_general_ci;

--
-- Dumping data untuk tabel `teachers`
--

INSERT INTO `teachers` (`id_guru`, `nama_guru`, `kode_guru`, `hari_tersedia`, `shift_pagi`, `shift_siang`, `hari_tersedia_pagi`, `hari_tersedia_siang`, `min_jp`, `max_jp`, `allowed_jp_pagi`, `allowed_jp_siang`, `no_wa`) VALUES
(1, 'REZA PATRIOTA PUTRA, S.Kom', 1, '[\"SENIN\", \"SELASA\", \"RABU\", \"KAMIS\", \"JUMAT\", \"SABTU\"]', 1, 1, '[\"SENIN\", \"SELASA\", \"RABU\", \"KAMIS\", \"JUMAT\", \"SABTU\"]', '[\"SENIN\", \"SELASA\", \"RABU\", \"KAMIS\", \"JUMAT\", \"SABTU\"]', 2, 60, NULL, NULL, NULL),
(2, 'SAMSUL HUDA, S.Pd', 2, '[\"SENIN\", \"KAMIS\", \"JUMAT\", \"SABTU\"]', 1, 1, '[\"SENIN\", \"KAMIS\", \"JUMAT\", \"SABTU\"]', '[\"SENIN\", \"KAMIS\", \"JUMAT\", \"SABTU\"]', 2, 60, NULL, NULL, NULL),
(3, 'TAMAN SASTRA DIKARNA, S.Pd', 3, '[\"SELASA\", \"RABU\"]', 1, 1, '[\"SELASA\", \"RABU\"]', '[\"SELASA\", \"RABU\"]', 2, 60, NULL, NULL, NULL),
(4, 'SUHARNO, S.Pdi', 4, '[\"SENIN\", \"RABU\", \"KAMIS\", \"JUMAT\", \"SABTU\"]', 1, 1, '[\"SENIN\", \"RABU\", \"KAMIS\", \"JUMAT\", \"SABTU\"]', '[\"SENIN\", \"RABU\", \"KAMIS\", \"JUMAT\", \"SABTU\"]', 2, 60, NULL, NULL, NULL),
(5, 'WIDJAYANTI, S.Sos', 5, '[\"SENIN\", \"SELASA\", \"RABU\", \"KAMIS\"]', 1, 1, '[\"SENIN\", \"SELASA\", \"RABU\", \"KAMIS\"]', '[\"SENIN\", \"SELASA\", \"RABU\", \"KAMIS\"]', 2, 60, NULL, NULL, NULL),
(6, 'WISNU NARA UTAMA, S.Pd', 6, '[\"SENIN\", \"RABU\", \"JUMAT\"]', 1, 1, '[\"SENIN\", \"RABU\", \"JUMAT\"]', '[\"SENIN\", \"RABU\", \"JUMAT\"]', 2, 60, NULL, NULL, NULL),
(7, 'KHOIRIYAH, S.Ag', 7, '[\"SELASA\", \"RABU\", \"KAMIS\", \"JUMAT\", \"SABTU\"]', 1, 1, '[\"SELASA\", \"RABU\", \"KAMIS\", \"JUMAT\", \"SABTU\"]', '[\"SELASA\", \"RABU\", \"KAMIS\", \"JUMAT\", \"SABTU\"]', 2, 60, NULL, NULL, NULL),
(8, 'RADEN HAZAIRIN, S.Pd', 8, '[\"SABTU\"]', 1, 1, '[\"SABTU\"]', '[\"SABTU\"]', 2, 60, NULL, NULL, NULL),
(9, 'YUNITA, S.Pd', 9, '[\"SABTU\"]', 1, 1, '[\"SABTU\"]', '[\"SABTU\"]', 2, 60, '{\"SABTU\": [1, 2, 3, 5, 6, 7]}', '{\"SABTU\": [1, 2, 3]}', NULL),
(10, 'M. IMRON ROSYADI, S.Ag', 10, '[\"SENIN\", \"SELASA\", \"KAMIS\", \"JUMAT\"]', 1, 1, '[\"SENIN\", \"SELASA\", \"KAMIS\", \"JUMAT\"]', '[\"SENIN\", \"SELASA\", \"KAMIS\", \"JUMAT\"]', 2, 60, NULL, NULL, NULL),
(11, 'DEWI PERIYANTI, S.P', 11, '[\"SENIN\", \"SELASA\", \"RABU\", \"KAMIS\", \"JUMAT\", \"SABTU\"]', 1, 1, '[\"SENIN\", \"SELASA\", \"RABU\", \"KAMIS\", \"JUMAT\", \"SABTU\"]', '[\"SENIN\", \"SELASA\", \"RABU\", \"KAMIS\", \"JUMAT\", \"SABTU\"]', 2, 60, NULL, NULL, NULL),
(12, 'WIDONI SANTOSO, S.Pd', 12, '[\"SENIN\", \"SELASA\", \"RABU\", \"KAMIS\", \"JUMAT\", \"SABTU\"]', 1, 1, '[\"SENIN\", \"SELASA\", \"RABU\", \"KAMIS\", \"JUMAT\", \"SABTU\"]', '[\"SENIN\", \"SELASA\", \"RABU\", \"KAMIS\", \"JUMAT\", \"SABTU\"]', 2, 60, NULL, NULL, NULL),
(13, 'EKA HERLINAH, SS', 13, '[\"SENIN\", \"SELASA\", \"RABU\", \"KAMIS\", \"JUMAT\"]', 1, 1, '[\"SENIN\", \"SELASA\", \"RABU\", \"KAMIS\", \"JUMAT\"]', '[\"SENIN\", \"SELASA\", \"RABU\", \"KAMIS\", \"JUMAT\"]', 2, 60, NULL, NULL, NULL),
(14, 'UMIDA SHOLIKATIN, S.Sos', 14, '[\"SENIN\", \"RABU\", \"KAMIS\", \"JUMAT\"]', 1, 1, '[\"SENIN\", \"RABU\", \"KAMIS\", \"JUMAT\"]', '[\"SENIN\", \"RABU\", \"KAMIS\", \"JUMAT\"]', 2, 60, NULL, NULL, NULL),
(15, 'DERA ISMAWATI, S.PdI', 15, '[\"SENIN\", \"KAMIS\"]', 1, 1, '[\"SENIN\", \"KAMIS\"]', '[\"SENIN\", \"KAMIS\"]', 2, 60, NULL, NULL, NULL),
(16, 'M. ANDIKA PRAWIRA, S.Kom', 16, '[\"SELASA\", \"KAMIS\", \"SABTU\"]', 1, 1, '[\"SELASA\", \"KAMIS\", \"SABTU\"]', '[\"SELASA\", \"KAMIS\", \"SABTU\"]', 2, 60, NULL, '{\"SELASA\": [2, 3, 4, 5, 6, 7], \"KAMIS\": [2, 3, 4, 5, 6, 7], \"SABTU\": [2, 3, 4, 5, 6, 7]}', '089506298652'),
(17, 'LIS WIDIA, S.Pd', 17, '[\"SELASA\", \"RABU\", \"KAMIS\", \"JUMAT\", \"SABTU\"]', 1, 1, '[\"SELASA\", \"RABU\", \"KAMIS\", \"JUMAT\", \"SABTU\"]', '[\"SELASA\", \"RABU\", \"KAMIS\", \"JUMAT\", \"SABTU\"]', 2, 60, NULL, NULL, NULL),
(18, 'NAAFI WULANDARI, S.Pd', 18, '[\"SENIN\", \"SELASA\", \"RABU\", \"KAMIS\", \"JUMAT\", \"SABTU\"]', 1, 1, '[\"SENIN\", \"SELASA\", \"RABU\", \"KAMIS\", \"JUMAT\", \"SABTU\"]', '[\"SELASA\", \"RABU\", \"KAMIS\", \"JUMAT\", \"SABTU\"]', 2, 60, NULL, NULL, NULL),
(19, 'APIAN CANDRA ADITYA, S.Kom', 19, '[\"SENIN\", \"SELASA\", \"RABU\", \"KAMIS\", \"JUMAT\", \"SABTU\"]', 1, 1, '[\"SENIN\", \"SELASA\", \"RABU\", \"KAMIS\", \"JUMAT\", \"SABTU\"]', '[\"SENIN\", \"SELASA\", \"RABU\", \"KAMIS\", \"JUMAT\", \"SABTU\"]', 2, 60, NULL, NULL, NULL),
(20, 'SUTIYARTI, S.PdI', 20, '[\"SENIN\", \"SELASA\", \"RABU\", \"KAMIS\", \"JUMAT\", \"SABTU\"]', 1, 1, '[\"SENIN\", \"SELASA\", \"RABU\", \"KAMIS\", \"JUMAT\", \"SABTU\"]', '[\"SENIN\", \"SELASA\", \"RABU\", \"KAMIS\", \"JUMAT\", \"SABTU\"]', 2, 60, NULL, NULL, NULL),
(21, 'APRILIA DWI KARINA, S.Pd', 21, '[\"SELASA\", \"RABU\", \"KAMIS\", \"JUMAT\"]', 1, 1, '[\"SELASA\", \"RABU\", \"KAMIS\", \"JUMAT\"]', '[\"SELASA\", \"RABU\", \"KAMIS\", \"JUMAT\"]', 2, 60, NULL, NULL, NULL),
(22, 'AYU DESTIANI NURCAHYA, S.Pd', 22, '[\"SENIN\", \"SELASA\", \"RABU\", \"KAMIS\", \"JUMAT\", \"SABTU\"]', 1, 1, '[\"SENIN\", \"SELASA\", \"RABU\", \"KAMIS\", \"JUMAT\", \"SABTU\"]', '[\"SENIN\", \"SELASA\", \"RABU\", \"KAMIS\", \"JUMAT\", \"SABTU\"]', 2, 60, NULL, NULL, NULL),
(23, 'MARSAULINAH, S.Kom', 23, '[\"SENIN\", \"SELASA\", \"RABU\", \"KAMIS\", \"JUMAT\", \"SABTU\"]', 1, 1, '[\"SENIN\", \"SELASA\", \"RABU\", \"KAMIS\", \"JUMAT\", \"SABTU\"]', '[\"SELASA\", \"RABU\", \"KAMIS\", \"JUMAT\"]', 2, 60, NULL, NULL, NULL),
(24, 'SRI TITA MULYATI', 24, '[\"RABU\", \"KAMIS\"]', 1, 1, '[\"RABU\", \"KAMIS\"]', '[\"RABU\", \"KAMIS\"]', 2, 60, '{\"RABU\": [3, 4, 5, 6, 7], \"KAMIS\": [3, 4, 5, 6, 7]}', '{\"RABU\": [1, 2, 3, 4], \"KAMIS\": [1, 2, 3, 4]}', NULL),
(25, 'LELIYANI, SE', 25, '[\"SENIN\", \"SELASA\", \"RABU\", \"KAMIS\", \"JUMAT\", \"SABTU\"]', 1, 1, '[\"SENIN\", \"SELASA\", \"RABU\", \"KAMIS\", \"JUMAT\", \"SABTU\"]', '[\"SELASA\", \"KAMIS\"]', 2, 60, NULL, NULL, NULL),
(26, 'TINANDAR HERMAWAN', 26, '[\"SENIN\", \"SELASA\", \"RABU\", \"KAMIS\", \"JUMAT\", \"SABTU\"]', 1, 1, '[\"SENIN\", \"SELASA\", \"RABU\", \"KAMIS\", \"JUMAT\", \"SABTU\"]', '[\"SENIN\", \"SELASA\", \"RABU\", \"KAMIS\", \"JUMAT\", \"SABTU\"]', 2, 60, NULL, NULL, NULL),
(27, 'RIZKI YUNIJAR, A.Md', 27, '[\"SENIN\", \"SELASA\", \"RABU\", \"KAMIS\", \"JUMAT\", \"SABTU\"]', 1, 1, '[\"SENIN\", \"SELASA\", \"RABU\", \"KAMIS\", \"JUMAT\", \"SABTU\"]', '[\"SENIN\", \"SELASA\", \"RABU\", \"KAMIS\", \"JUMAT\", \"SABTU\"]', 2, 60, NULL, NULL, NULL),
(28, 'SUTRISNO', 28, '[\"SELASA\", \"RABU\"]', 1, 1, '[\"SELASA\", \"RABU\"]', '[\"SELASA\", \"RABU\"]', 2, 60, '{\"SELASA\": [1, 2, 3, 4, 5], \"RABU\": [1, 2, 3, 4, 5]}', '{\"SELASA\": [1, 2, 3, 4, 5], \"RABU\": [1, 2, 3, 4, 5]}', NULL),
(29, 'KUAT SUPARTO, ST', 29, '[\"SENIN\", \"SELASA\", \"RABU\", \"KAMIS\", \"JUMAT\", \"SABTU\"]', 1, 1, '[\"SENIN\", \"SELASA\", \"RABU\", \"KAMIS\", \"JUMAT\", \"SABTU\"]', '[\"SENIN\", \"SELASA\", \"RABU\", \"KAMIS\", \"JUMAT\", \"SABTU\"]', 2, 60, NULL, NULL, NULL),
(30, 'SHERLI IKA SUSANTI, S.Pd', 30, '[\"SENIN\", \"SELASA\", \"RABU\", \"KAMIS\", \"JUMAT\", \"SABTU\"]', 1, 1, '[\"SENIN\", \"SELASA\", \"RABU\", \"KAMIS\", \"JUMAT\", \"SABTU\"]', '[\"SENIN\", \"SELASA\", \"RABU\", \"KAMIS\", \"JUMAT\", \"SABTU\"]', 2, 60, NULL, NULL, NULL),
(31, 'SOFIANA NAZWA, S.Pd', 31, '[\"SENIN\", \"SELASA\", \"RABU\", \"KAMIS\", \"JUMAT\", \"SABTU\"]', 1, 1, '[\"SENIN\", \"SELASA\", \"RABU\", \"KAMIS\", \"JUMAT\", \"SABTU\"]', '[\"SENIN\", \"SELASA\", \"RABU\", \"KAMIS\", \"JUMAT\", \"SABTU\"]', 2, 60, NULL, NULL, NULL),
(32, 'NUR ANNISA, S.Kom', 32, '[\"SELASA\", \"RABU\", \"KAMIS\", \"JUMAT\"]', 1, 1, '[\"SELASA\", \"RABU\", \"KAMIS\", \"JUMAT\"]', '[\"SELASA\", \"RABU\", \"KAMIS\", \"JUMAT\"]', 2, 60, NULL, NULL, NULL),
(33, 'MUHAMMAD SYAHTICKO, S.Pd', 33, '[\"SENIN\", \"SELASA\", \"JUMAT\", \"SABTU\"]', 1, 1, '[\"SENIN\", \"SELASA\", \"JUMAT\", \"SABTU\"]', '[\"SENIN\", \"SELASA\", \"JUMAT\", \"SABTU\"]', 2, 60, NULL, NULL, NULL),
(34, 'FAUZI, S.Kom', 34, '[\"SENIN\", \"SELASA\", \"KAMIS\"]', 1, 1, '[\"SENIN\", \"SELASA\", \"KAMIS\"]', '[\"SENIN\", \"SELASA\", \"KAMIS\"]', 2, 60, NULL, NULL, NULL),
(35, 'ANGELA MARCELA', 35, '[\"SENIN\", \"SELASA\", \"RABU\", \"KAMIS\", \"JUMAT\", \"SABTU\"]', 1, 1, '[\"SENIN\", \"SELASA\", \"RABU\", \"KAMIS\", \"JUMAT\", \"SABTU\"]', '[\"SENIN\", \"SELASA\", \"RABU\", \"KAMIS\", \"JUMAT\", \"SABTU\"]', 2, 60, NULL, NULL, NULL);

-- --------------------------------------------------------

--
-- Struktur dari tabel `teacher_subjects`
--

CREATE TABLE `teacher_subjects` (
  `id_teacher_subject` int(11) NOT NULL,
  `id_guru` int(11) DEFAULT NULL,
  `id_mapel` int(11) DEFAULT NULL
) ENGINE=InnoDB DEFAULT CHARSET=utf8mb4 COLLATE=utf8mb4_general_ci;

--
-- Dumping data untuk tabel `teacher_subjects`
--

INSERT INTO `teacher_subjects` (`id_teacher_subject`, `id_guru`, `id_mapel`) VALUES
(1, 2, 21),
(2, 3, 21),
(3, 4, 29),
(6, 5, 3),
(9, 5, 4),
(8, 5, 13),
(7, 5, 19),
(4, 5, 22),
(10, 5, 24),
(5, 5, 34),
(11, 6, 32),
(12, 7, 10),
(13, 8, 33),
(14, 9, 1),
(74, 9, 20),
(15, 10, 26),
(17, 11, 16),
(16, 11, 21),
(18, 12, 29),
(19, 13, 10),
(21, 14, 34),
(20, 14, 35),
(22, 15, 19),
(23, 15, 22),
(26, 16, 2),
(25, 16, 37),
(24, 16, 41),
(27, 17, 10),
(28, 18, 21),
(29, 19, 12),
(30, 19, 31),
(32, 19, 37),
(31, 19, 42),
(33, 20, 9),
(34, 20, 27),
(36, 21, 5),
(38, 21, 30),
(39, 21, 32),
(35, 21, 33),
(37, 21, 34),
(41, 22, 3),
(44, 22, 7),
(42, 22, 18),
(46, 22, 22),
(45, 22, 23),
(40, 22, 25),
(43, 22, 40),
(47, 23, 2),
(48, 23, 11),
(49, 24, 29),
(50, 25, 6),
(52, 25, 8),
(51, 25, 13),
(54, 26, 2),
(55, 26, 12),
(56, 26, 38),
(53, 26, 42),
(58, 27, 3),
(60, 27, 14),
(59, 27, 22),
(61, 27, 33),
(57, 27, 40),
(62, 28, 2),
(63, 28, 39),
(64, 29, 17),
(65, 30, 9),
(66, 31, 21),
(67, 32, 2),
(68, 32, 11),
(69, 32, 39),
(70, 33, 35),
(71, 34, 15),
(72, 34, 36),
(73, 35, 28);

-- --------------------------------------------------------

--
-- Struktur dari tabel `timetable`
--

CREATE TABLE `timetable` (
  `id_timetable` int(11) NOT NULL,
  `id_class_subject` int(11) DEFAULT NULL,
  `hari` varchar(20) NOT NULL,
  `jam_ke` int(11) NOT NULL,
  `id_guru` int(11) DEFAULT NULL,
  `is_fallback` tinyint(1) DEFAULT 0,
  `original_guru_id` int(11) DEFAULT NULL
) ENGINE=InnoDB DEFAULT CHARSET=utf8mb4 COLLATE=utf8mb4_general_ci;

--
-- Dumping data untuk tabel `timetable`
--

INSERT INTO `timetable` (`id_timetable`, `id_class_subject`, `hari`, `jam_ke`, `id_guru`, `is_fallback`, `original_guru_id`) VALUES
(10001, 15, 'SENIN', 2, 34, 0, NULL),
(10002, 5, 'SENIN', 3, 18, 0, NULL),
(10003, 5, 'SENIN', 4, 18, 0, NULL),
(10004, 5, 'SENIN', 5, 18, 0, NULL),
(10005, 15, 'SENIN', 6, 34, 0, NULL),
(10006, 15, 'SENIN', 7, 34, 0, NULL),
(10007, 16, 'SELASA', 1, 34, 0, NULL),
(10008, 16, 'SELASA', 2, 34, 0, NULL),
(10009, 7, 'SELASA', 3, 20, 0, NULL),
(10010, 10, 'SELASA', 4, 21, 0, NULL),
(10011, 10, 'SELASA', 5, 21, 0, NULL),
(10012, 14, 'SELASA', 6, 33, 0, NULL),
(10013, 14, 'SELASA', 7, 33, 0, NULL),
(10014, 3, 'RABU', 1, 12, 0, NULL),
(10015, 3, 'RABU', 2, 12, 0, NULL),
(10016, 12, 'RABU', 3, 27, 0, NULL),
(10017, 11, 'RABU', 4, 27, 0, NULL),
(10018, 11, 'RABU', 5, 27, 0, NULL),
(10019, 13, 'RABU', 6, 29, 0, NULL),
(10020, 13, 'RABU', 7, 29, 0, NULL),
(10021, 12, 'KAMIS', 1, 27, 0, NULL),
(10022, 8, 'KAMIS', 2, 21, 0, NULL),
(10023, 8, 'KAMIS', 3, 21, 0, NULL),
(10024, 8, 'KAMIS', 4, 21, 0, NULL),
(10025, 7, 'KAMIS', 5, 20, 0, NULL),
(10026, 9, 'KAMIS', 6, 21, 0, NULL),
(10027, 9, 'KAMIS', 7, 21, 0, NULL),
(10028, 4, 'JUMAT', 1, 13, 0, NULL),
(10029, 4, 'JUMAT', 2, 13, 0, NULL),
(10030, 4, 'JUMAT', 3, 13, 0, NULL),
(10031, 4, 'JUMAT', 4, 13, 0, NULL),
(10032, 2, 'JUMAT', 5, 11, 0, NULL),
(10033, 2, 'JUMAT', 6, 11, 0, NULL),
(10034, 6, 'SABTU', 1, 20, 0, NULL),
(10035, 6, 'SABTU', 2, 20, 0, NULL),
(10036, 6, 'SABTU', 3, 20, 0, NULL),
(10037, 5, 'SABTU', 4, 18, 0, NULL),
(10038, 5, 'SABTU', 5, 18, 0, NULL),
(10039, 1, 'SABTU', 6, 9, 0, NULL),
(10040, 1, 'SABTU', 7, 9, 0, NULL),
(10041, 29, 'SENIN', 2, 14, 0, NULL),
(10042, 29, 'SENIN', 3, 14, 0, NULL),
(10043, 31, 'SENIN', 4, 27, 0, NULL),
(10044, 31, 'SENIN', 5, 27, 0, NULL),
(10045, 31, 'SENIN', 6, 27, 0, NULL),
(10046, 21, 'SENIN', 7, 11, 0, NULL),
(10047, 17, 'SELASA', 1, 7, 0, NULL),
(10048, 17, 'SELASA', 2, 7, 0, NULL),
(10049, 28, 'SELASA', 3, 27, 0, NULL),
(10050, 28, 'SELASA', 4, 27, 0, NULL),
(10051, 20, 'SELASA', 5, 34, 0, NULL),
(10052, 20, 'SELASA', 6, 34, 0, NULL),
(10053, 20, 'SELASA', 7, 34, 0, NULL),
(10054, 24, 'RABU', 1, 18, 0, NULL),
(10055, 24, 'RABU', 2, 18, 0, NULL),
(10056, 24, 'RABU', 3, 18, 0, NULL),
(10057, 21, 'RABU', 4, 11, 0, NULL),
(10058, 19, 'RABU', 5, 30, 0, NULL),
(10059, 19, 'RABU', 6, 30, 0, NULL),
(10060, 19, 'RABU', 7, 30, 0, NULL),
(10061, 18, 'KAMIS', 1, 22, 0, NULL),
(10062, 18, 'KAMIS', 2, 22, 0, NULL),
(10063, 26, 'KAMIS', 3, 20, 0, NULL),
(10064, 26, 'KAMIS', 4, 20, 0, NULL),
(10065, 23, 'KAMIS', 5, 15, 0, NULL),
(10066, 23, 'KAMIS', 6, 15, 0, NULL),
(10067, 23, 'KAMIS', 7, 15, 0, NULL),
(10068, 17, 'JUMAT', 1, 7, 0, NULL),
(10069, 17, 'JUMAT', 2, 7, 0, NULL),
(10070, 30, 'JUMAT', 3, 33, 0, NULL),
(10071, 30, 'JUMAT', 4, 33, 0, NULL),
(10072, 24, 'JUMAT', 5, 18, 0, NULL),
(10073, 24, 'JUMAT', 6, 18, 0, NULL),
(10074, 22, 'SABTU', 1, 29, 0, NULL),
(10075, 22, 'SABTU', 2, 29, 0, NULL),
(10076, 27, 'SABTU', 3, 12, 0, NULL),
(10077, 27, 'SABTU', 4, 12, 0, NULL),
(10078, 25, 'SABTU', 5, 22, 0, NULL),
(10079, 25, 'SABTU', 6, 22, 0, NULL),
(10080, 25, 'SABTU', 7, 22, 0, NULL),
(10081, 39, 'SENIN', 2, 18, 0, NULL),
(10082, 35, 'SENIN', 3, 34, 0, NULL),
(10083, 35, 'SENIN', 4, 34, 0, NULL),
(10084, 35, 'SENIN', 5, 34, 0, NULL),
(10085, 41, 'SENIN', 6, 20, 0, NULL),
(10086, 41, 'SENIN', 7, 20, 0, NULL),
(10087, 42, 'SELASA', 1, 12, 0, NULL),
(10088, 42, 'SELASA', 2, 12, 0, NULL),
(10089, 36, 'SELASA', 3, 11, 0, NULL),
(10090, 45, 'SELASA', 4, 33, 0, NULL),
(10091, 45, 'SELASA', 5, 33, 0, NULL),
(10092, 33, 'SELASA', 6, 22, 0, NULL),
(10093, 33, 'SELASA', 7, 22, 0, NULL),
(10094, 32, 'RABU', 1, 7, 0, NULL),
(10095, 32, 'RABU', 2, 7, 0, NULL),
(10096, 40, 'RABU', 3, 22, 0, NULL),
(10097, 40, 'RABU', 4, 22, 0, NULL),
(10098, 40, 'RABU', 5, 22, 0, NULL),
(10099, 43, 'RABU', 6, 27, 0, NULL),
(10100, 43, 'RABU', 7, 27, 0, NULL),
(10101, 38, 'KAMIS', 1, 5, 0, NULL),
(10102, 38, 'KAMIS', 2, 5, 0, NULL),
(10103, 38, 'KAMIS', 3, 5, 0, NULL),
(10104, 36, 'KAMIS', 4, 11, 0, NULL),
(10105, 34, 'KAMIS', 5, 30, 0, NULL),
(10106, 34, 'KAMIS', 6, 30, 0, NULL),
(10107, 34, 'KAMIS', 7, 30, 0, NULL),
(10108, 39, 'JUMAT', 1, 18, 0, NULL),
(10109, 46, 'JUMAT', 2, 27, 0, NULL),
(10110, 46, 'JUMAT', 3, 27, 0, NULL),
(10111, 46, 'JUMAT', 4, 27, 0, NULL),
(10112, 44, 'JUMAT', 5, 14, 0, NULL),
(10113, 44, 'JUMAT', 6, 14, 0, NULL),
(10114, 39, 'SABTU', 1, 18, 0, NULL),
(10115, 39, 'SABTU', 2, 18, 0, NULL),
(10116, 39, 'SABTU', 3, 18, 0, NULL),
(10117, 37, 'SABTU', 4, 29, 0, NULL),
(10118, 37, 'SABTU', 5, 29, 0, NULL),
(10119, 32, 'SABTU', 6, 7, 0, NULL),
(10120, 32, 'SABTU', 7, 7, 0, NULL),
(10121, 58, 'SENIN', 1, 27, 0, NULL),
(10122, 58, 'SENIN', 2, 27, 0, NULL),
(10123, 52, 'SENIN', 3, 29, 0, NULL),
(10124, 52, 'SENIN', 4, 29, 0, NULL),
(10125, 48, 'SENIN', 5, 22, 0, NULL),
(10126, 48, 'SENIN', 6, 22, 0, NULL),
(10127, 51, 'SENIN', 7, 11, 0, NULL),
(10128, 56, 'SELASA', 1, 20, 0, NULL),
(10129, 56, 'SELASA', 2, 20, 0, NULL),
(10130, 57, 'SELASA', 3, 12, 0, NULL),
(10131, 57, 'SELASA', 4, 12, 0, NULL),
(10132, 60, 'SELASA', 5, 33, 0, NULL),
(10133, 47, 'SELASA', 6, 17, 0, NULL),
(10134, 47, 'SELASA', 7, 17, 0, NULL),
(10135, 59, 'RABU', 1, 14, 0, NULL),
(10136, 49, 'RABU', 2, 30, 0, NULL),
(10137, 49, 'RABU', 3, 30, 0, NULL),
(10138, 49, 'RABU', 4, 30, 0, NULL),
(10139, 55, 'RABU', 5, 5, 0, NULL),
(10140, 55, 'RABU', 6, 5, 0, NULL),
(10141, 55, 'RABU', 7, 5, 0, NULL),
(10142, 53, 'KAMIS', 1, 15, 0, NULL),
(10143, 53, 'KAMIS', 2, 15, 0, NULL),
(10144, 53, 'KAMIS', 3, 15, 0, NULL),
(10145, 50, 'KAMIS', 4, 34, 0, NULL),
(10146, 50, 'KAMIS', 5, 34, 0, NULL),
(10147, 50, 'KAMIS', 6, 34, 0, NULL),
(10148, 59, 'KAMIS', 7, 14, 0, NULL),
(10149, 47, 'JUMAT', 1, 17, 0, NULL),
(10150, 47, 'JUMAT', 2, 17, 0, NULL),
(10151, 51, 'JUMAT', 3, 11, 0, NULL),
(10152, 54, 'JUMAT', 4, 18, 0, NULL),
(10153, 54, 'JUMAT', 5, 18, 0, NULL),
(10154, 54, 'JUMAT', 6, 18, 0, NULL),
(10155, 61, 'SABTU', 1, 27, 0, NULL),
(10156, 61, 'SABTU', 2, 27, 0, NULL),
(10157, 61, 'SABTU', 3, 27, 0, NULL),
(10158, 60, 'SABTU', 4, 33, 0, NULL),
(10159, 54, 'SABTU', 5, 18, 0, NULL),
(10160, 54, 'SABTU', 6, 18, 0, NULL),
(10161, 68, 'SENIN', 1, 15, 0, NULL),
(10162, 68, 'SENIN', 2, 15, 0, NULL),
(10163, 68, 'SENIN', 3, 15, 0, NULL),
(10164, 74, 'SENIN', 4, 14, 0, NULL),
(10165, 70, 'SENIN', 5, 27, 0, NULL),
(10166, 70, 'SENIN', 6, 27, 0, NULL),
(10167, 70, 'SENIN', 7, 27, 0, NULL),
(10168, 65, 'SELASA', 1, 34, 0, NULL),
(10169, 65, 'SELASA', 2, 34, 0, NULL),
(10170, 65, 'SELASA', 3, 34, 0, NULL),
(10171, 64, 'SELASA', 4, 30, 0, NULL),
(10172, 64, 'SELASA', 5, 30, 0, NULL),
(10173, 66, 'SELASA', 6, 11, 0, NULL),
(10174, 66, 'SELASA', 7, 11, 0, NULL),
(10175, 72, 'RABU', 1, 12, 0, NULL),
(10176, 72, 'RABU', 2, 12, 0, NULL),
(10177, 71, 'RABU', 3, 20, 0, NULL),
(10178, 71, 'RABU', 4, 20, 0, NULL),
(10179, 69, 'RABU', 5, 18, 0, NULL),
(10180, 69, 'RABU', 6, 18, 0, NULL),
(10181, 69, 'RABU', 7, 18, 0, NULL),
(10182, 62, 'KAMIS', 1, 17, 0, NULL),
(10183, 62, 'KAMIS', 2, 17, 0, NULL),
(10184, 76, 'KAMIS', 3, 27, 0, NULL),
(10185, 76, 'KAMIS', 4, 27, 0, NULL),
(10186, 76, 'KAMIS', 5, 27, 0, NULL),
(10187, 74, 'KAMIS', 6, 14, 0, NULL),
(10188, 64, 'KAMIS', 7, 30, 0, NULL),
(10189, 75, 'JUMAT', 1, 33, 0, NULL),
(10190, 75, 'JUMAT', 2, 33, 0, NULL),
(10191, 63, 'JUMAT', 3, 22, 0, NULL),
(10192, 63, 'JUMAT', 4, 22, 0, NULL),
(10193, 62, 'JUMAT', 5, 17, 0, NULL),
(10194, 62, 'JUMAT', 6, 17, 0, NULL),
(10195, 67, 'SABTU', 1, 29, 0, NULL),
(10196, 67, 'SABTU', 2, 29, 0, NULL),
(10197, 69, 'SABTU', 3, 18, 0, NULL),
(10198, 69, 'SABTU', 4, 18, 0, NULL),
(10199, 73, 'SABTU', 5, 27, 0, NULL),
(10200, 73, 'SABTU', 6, 27, 0, NULL),
(10201, 84, 'SENIN', 2, 23, 0, NULL),
(10202, 84, 'SENIN', 3, 23, 0, NULL),
(10203, 84, 'SENIN', 4, 23, 0, NULL),
(10204, 83, 'SENIN', 5, 33, 0, NULL),
(10205, 82, 'SENIN', 6, 5, 0, NULL),
(10206, 82, 'SENIN', 7, 5, 0, NULL),
(10207, 89, 'SELASA', 1, 19, 0, NULL),
(10208, 89, 'SELASA', 2, 19, 0, NULL),
(10209, 79, 'SELASA', 3, 10, 0, NULL),
(10210, 79, 'SELASA', 4, 10, 0, NULL),
(10211, 77, 'SELASA', 5, 30, 0, NULL),
(10212, 81, 'SELASA', 6, 27, 0, NULL),
(10213, 81, 'SELASA', 7, 27, 0, NULL),
(10214, 88, 'RABU', 1, 13, 0, NULL),
(10215, 88, 'RABU', 2, 13, 0, NULL),
(10216, 80, 'RABU', 3, 24, 0, NULL),
(10217, 80, 'RABU', 4, 24, 0, NULL),
(10218, 88, 'RABU', 5, 13, 0, NULL),
(10219, 90, 'RABU', 6, 31, 0, NULL),
(10220, 90, 'RABU', 7, 31, 0, NULL),
(10221, 88, 'KAMIS', 1, 13, 0, NULL),
(10222, 87, 'KAMIS', 2, 26, 0, NULL),
(10223, 87, 'KAMIS', 3, 26, 0, NULL),
(10224, 87, 'KAMIS', 4, 26, 0, NULL),
(10225, 85, 'KAMIS', 5, 34, 0, NULL),
(10226, 85, 'KAMIS', 6, 34, 0, NULL),
(10227, 85, 'KAMIS', 7, 34, 0, NULL),
(10228, 86, 'JUMAT', 1, 29, 0, NULL),
(10229, 86, 'JUMAT', 2, 29, 0, NULL),
(10230, 86, 'JUMAT', 3, 29, 0, NULL),
(10231, 90, 'JUMAT', 4, 31, 0, NULL),
(10232, 90, 'JUMAT', 5, 31, 0, NULL),
(10233, 90, 'JUMAT', 6, 31, 0, NULL),
(10234, 89, 'SABTU', 1, 19, 0, NULL),
(10235, 89, 'SABTU', 2, 19, 0, NULL),
(10236, 83, 'SABTU', 3, 33, 0, NULL),
(10237, 78, 'SABTU', 4, 11, 0, NULL),
(10238, 78, 'SABTU', 5, 11, 0, NULL),
(10239, 77, 'SABTU', 6, 30, 0, NULL),
(10240, 77, 'SABTU', 7, 30, 0, NULL),
(10241, 104, 'SENIN', 2, 31, 0, NULL),
(10242, 104, 'SENIN', 3, 31, 0, NULL),
(10243, 104, 'SENIN', 4, 31, 0, NULL),
(10244, 92, 'SENIN', 5, 11, 0, NULL),
(10245, 103, 'SENIN', 6, 19, 0, NULL),
(10246, 103, 'SENIN', 7, 19, 0, NULL),
(10247, 102, 'SELASA', 1, 13, 0, NULL),
(10248, 102, 'SELASA', 2, 13, 0, NULL),
(10249, 102, 'SELASA', 3, 13, 0, NULL),
(10250, 102, 'SELASA', 4, 13, 0, NULL),
(10251, 101, 'SELASA', 5, 26, 0, NULL),
(10252, 101, 'SELASA', 6, 26, 0, NULL),
(10253, 101, 'SELASA', 7, 26, 0, NULL),
(10254, 103, 'RABU', 1, 19, 0, NULL),
(10255, 103, 'RABU', 2, 19, 0, NULL),
(10256, 100, 'RABU', 3, 29, 0, NULL),
(10257, 100, 'RABU', 4, 29, 0, NULL),
(10258, 100, 'RABU', 5, 29, 0, NULL),
(10259, 94, 'RABU', 6, 24, 0, NULL),
(10260, 94, 'RABU', 7, 24, 0, NULL),
(10261, 99, 'KAMIS', 1, 34, 0, NULL),
(10262, 99, 'KAMIS', 2, 34, 0, NULL),
(10263, 99, 'KAMIS', 3, 34, 0, NULL),
(10264, 95, 'KAMIS', 4, 27, 0, NULL),
(10265, 95, 'KAMIS', 5, 27, 0, NULL),
(10266, 96, 'KAMIS', 6, 5, 0, NULL),
(10267, 96, 'KAMIS', 7, 5, 0, NULL),
(10268, 91, 'JUMAT', 1, 30, 0, NULL),
(10269, 91, 'JUMAT', 2, 30, 0, NULL),
(10270, 91, 'JUMAT', 3, 30, 0, NULL),
(10271, 92, 'JUMAT', 4, 11, 0, NULL),
(10272, 93, 'JUMAT', 5, 10, 0, NULL),
(10273, 93, 'JUMAT', 6, 10, 0, NULL),
(10274, 98, 'SABTU', 1, 23, 0, NULL),
(10275, 98, 'SABTU', 2, 23, 0, NULL),
(10276, 98, 'SABTU', 3, 23, 0, NULL),
(10277, 97, 'SABTU', 4, 33, 0, NULL),
(10278, 97, 'SABTU', 5, 33, 0, NULL),
(10279, 104, 'SABTU', 6, 31, 0, NULL),
(10280, 104, 'SABTU', 7, 31, 0, NULL),
(10281, 117, 'SENIN', 1, 19, 0, NULL),
(10282, 117, 'SENIN', 2, 19, 0, NULL),
(10283, 113, 'SENIN', 3, 34, 0, NULL),
(10284, 113, 'SENIN', 4, 34, 0, NULL),
(10285, 113, 'SENIN', 5, 34, 0, NULL),
(10286, 118, 'SENIN', 6, 31, 0, NULL),
(10287, 118, 'SENIN', 7, 31, 0, NULL),
(10288, 116, 'SELASA', 1, 13, 0, NULL),
(10289, 116, 'SELASA', 2, 13, 0, NULL),
(10290, 116, 'SELASA', 3, 13, 0, NULL),
(10291, 116, 'SELASA', 4, 13, 0, NULL),
(10292, 108, 'SELASA', 5, 12, 0, NULL),
(10293, 108, 'SELASA', 6, 12, 0, NULL),
(10294, 111, 'SELASA', 7, 33, 0, NULL),
(10295, 105, 'RABU', 1, 20, 0, NULL),
(10296, 105, 'RABU', 2, 20, 0, NULL),
(10297, 115, 'RABU', 3, 26, 0, NULL),
(10298, 115, 'RABU', 4, 26, 0, NULL),
(10299, 115, 'RABU', 5, 26, 0, NULL),
(10300, 118, 'RABU', 6, 31, 0, NULL),
(10301, 118, 'RABU', 7, 31, 0, NULL),
(10302, 110, 'KAMIS', 1, 14, 0, NULL),
(10303, 110, 'KAMIS', 2, 14, 0, NULL),
(10304, 107, 'KAMIS', 3, 10, 0, NULL),
(10305, 107, 'KAMIS', 4, 10, 0, NULL),
(10306, 105, 'KAMIS', 5, 20, 0, NULL),
(10307, 106, 'KAMIS', 6, 11, 0, NULL),
(10308, 106, 'KAMIS', 7, 11, 0, NULL),
(10309, 109, 'JUMAT', 1, 27, 0, NULL),
(10310, 109, 'JUMAT', 2, 27, 0, NULL),
(10311, 111, 'JUMAT', 3, 33, 0, NULL),
(10312, 112, 'JUMAT', 4, 32, 0, NULL),
(10313, 112, 'JUMAT', 5, 32, 0, NULL),
(10314, 112, 'JUMAT', 6, 32, 0, NULL),
(10315, 117, 'SABTU', 1, 19, 0, NULL),
(10316, 117, 'SABTU', 2, 19, 0, NULL),
(10317, 114, 'SABTU', 3, 29, 0, NULL),
(10318, 114, 'SABTU', 4, 29, 0, NULL),
(10319, 114, 'SABTU', 5, 29, 0, NULL),
(10320, 118, 'SABTU', 6, 31, 0, NULL),
(10321, 132, 'SENIN', 1, 31, 0, NULL),
(10322, 124, 'SENIN', 2, 14, 0, NULL),
(10323, 124, 'SENIN', 3, 14, 0, NULL),
(10324, 130, 'SENIN', 4, 13, 0, NULL),
(10325, 125, 'SENIN', 5, 33, 0, NULL),
(10326, 125, 'SENIN', 6, 33, 0, NULL),
(10327, 121, 'SENIN', 7, 10, 0, NULL),
(10328, 129, 'SELASA', 1, 26, 0, NULL),
(10329, 129, 'SELASA', 2, 26, 0, NULL),
(10330, 129, 'SELASA', 3, 26, 0, NULL),
(10331, 127, 'SELASA', 4, 34, 0, NULL),
(10332, 127, 'SELASA', 5, 34, 0, NULL),
(10333, 127, 'SELASA', 6, 34, 0, NULL),
(10334, 123, 'SELASA', 7, 21, 0, NULL),
(10335, 120, 'RABU', 1, 11, 0, NULL),
(10336, 120, 'RABU', 2, 11, 0, NULL),
(10337, 131, 'RABU', 3, 19, 0, NULL),
(10338, 131, 'RABU', 4, 19, 0, NULL),
(10339, 128, 'RABU', 5, 29, 0, NULL),
(10340, 128, 'RABU', 6, 29, 0, NULL),
(10341, 128, 'RABU', 7, 29, 0, NULL),
(10342, 126, 'KAMIS', 1, 23, 0, NULL),
(10343, 126, 'KAMIS', 2, 23, 0, NULL),
(10344, 126, 'KAMIS', 3, 23, 0, NULL),
(10345, 130, 'KAMIS', 4, 13, 0, NULL),
(10346, 131, 'KAMIS', 5, 19, 0, NULL),
(10347, 131, 'KAMIS', 6, 19, 0, NULL),
(10348, 121, 'KAMIS', 7, 10, 0, NULL),
(10349, 130, 'JUMAT', 1, 13, 0, NULL),
(10350, 130, 'JUMAT', 2, 13, 0, NULL),
(10351, 132, 'JUMAT', 3, 31, 0, NULL),
(10352, 132, 'JUMAT', 4, 31, 0, NULL),
(10353, 132, 'JUMAT', 5, 31, 0, NULL),
(10354, 123, 'JUMAT', 6, 21, 0, NULL),
(10355, 122, 'SABTU', 1, 12, 0, NULL),
(10356, 122, 'SABTU', 2, 12, 0, NULL),
(10357, 132, 'SABTU', 3, 31, 0, NULL),
(10358, 119, 'SABTU', 4, 20, 0, NULL),
(10359, 119, 'SABTU', 5, 20, 0, NULL),
(10360, 119, 'SABTU', 6, 20, 0, NULL),
(10361, 143, 'SENIN', 1, 26, 0, NULL),
(10362, 143, 'SENIN', 2, 26, 0, NULL),
(10363, 143, 'SENIN', 3, 26, 0, NULL),
(10364, 135, 'SENIN', 4, 10, 0, NULL),
(10365, 142, 'SENIN', 5, 29, 0, NULL),
(10366, 142, 'SENIN', 6, 29, 0, NULL),
(10367, 142, 'SENIN', 7, 29, 0, NULL),
(10368, 137, 'SELASA', 1, 21, 0, NULL),
(10369, 139, 'SELASA', 2, 33, 0, NULL),
(10370, 139, 'SELASA', 3, 33, 0, NULL),
(10371, 134, 'SELASA', 4, 11, 0, NULL),
(10372, 134, 'SELASA', 5, 11, 0, NULL),
(10373, 145, 'SELASA', 6, 19, 0, NULL),
(10374, 145, 'SELASA', 7, 19, 0, NULL),
(10375, 137, 'RABU', 1, 21, 0, NULL),
(10376, 140, 'RABU', 2, 23, 0, NULL),
(10377, 140, 'RABU', 3, 23, 0, NULL),
(10378, 140, 'RABU', 4, 23, 0, NULL),
(10379, 145, 'RABU', 5, 19, 0, NULL),
(10380, 145, 'RABU', 6, 19, 0, NULL),
(10381, 133, 'RABU', 7, 20, 0, NULL),
(10382, 141, 'KAMIS', 1, 34, 0, NULL),
(10383, 141, 'KAMIS', 2, 34, 0, NULL),
(10384, 141, 'KAMIS', 3, 34, 0, NULL),
(10385, 138, 'KAMIS', 4, 14, 0, NULL),
(10386, 138, 'KAMIS', 5, 14, 0, NULL),
(10387, 146, 'KAMIS', 6, 18, 0, NULL),
(10388, 146, 'KAMIS', 7, 18, 0, NULL),
(10389, 146, 'JUMAT', 1, 18, 0, NULL),
(10390, 135, 'JUMAT', 2, 10, 0, NULL),
(10391, 144, 'JUMAT', 3, 17, 0, NULL),
(10392, 144, 'JUMAT', 4, 17, 0, NULL),
(10393, 133, 'JUMAT', 5, 20, 0, NULL),
(10394, 133, 'JUMAT', 6, 20, 0, NULL),
(10395, 146, 'SABTU', 1, 18, 0, NULL),
(10396, 146, 'SABTU', 2, 18, 0, NULL),
(10397, 136, 'SABTU', 3, 12, 0, NULL),
(10398, 136, 'SABTU', 4, 12, 0, NULL),
(10399, 144, 'SABTU', 5, 17, 0, NULL),
(10400, 144, 'SABTU', 6, 17, 0, NULL),
(10401, 153, 'SENIN', 1, 5, 0, NULL),
(10402, 153, 'SENIN', 2, 5, 0, NULL),
(10403, 153, 'SENIN', 3, 5, 0, NULL),
(10404, 151, 'SENIN', 4, 15, 0, NULL),
(10405, 151, 'SENIN', 5, 15, 0, NULL),
(10406, 151, 'SENIN', 6, 15, 0, NULL),
(10407, 151, 'SENIN', 7, 15, 0, NULL),
(10408, 155, 'SELASA', 1, 10, 0, NULL),
(10409, 155, 'SELASA', 2, 10, 0, NULL),
(10410, 159, 'SELASA', 3, 5, 0, NULL),
(10411, 157, 'SELASA', 4, 19, 0, NULL),
(10412, 157, 'SELASA', 5, 19, 0, NULL),
(10413, 152, 'SELASA', 6, 22, 0, NULL),
(10414, 152, 'SELASA', 7, 22, 0, NULL),
(10415, 159, 'RABU', 1, 5, 0, NULL),
(10416, 160, 'RABU', 2, 14, 0, NULL),
(10417, 148, 'RABU', 3, 7, 0, NULL),
(10418, 148, 'RABU', 4, 7, 0, NULL),
(10419, 158, 'RABU', 5, 6, 0, NULL),
(10420, 158, 'RABU', 6, 6, 0, NULL),
(10421, 158, 'RABU', 7, 6, 0, NULL),
(10422, 150, 'KAMIS', 1, 2, 0, NULL),
(10423, 156, 'KAMIS', 2, 4, 0, NULL),
(10424, 156, 'KAMIS', 3, 4, 0, NULL),
(10425, 148, 'KAMIS', 4, 7, 0, NULL),
(10426, 148, 'KAMIS', 5, 7, 0, NULL),
(10427, 149, 'KAMIS', 6, 22, 0, NULL),
(10428, 149, 'KAMIS', 7, 22, 0, NULL),
(10429, 160, 'JUMAT', 1, 14, 0, NULL),
(10430, 147, 'JUMAT', 2, 20, 0, NULL),
(10431, 147, 'JUMAT', 3, 20, 0, NULL),
(10432, 147, 'JUMAT', 4, 20, 0, NULL),
(10433, 150, 'JUMAT', 5, 2, 0, NULL),
(10434, 150, 'JUMAT', 6, 2, 0, NULL),
(10435, 161, 'SABTU', 1, 20, 0, NULL),
(10436, 161, 'SABTU', 2, 20, 0, NULL),
(10437, 154, 'SABTU', 3, 22, 0, NULL),
(10438, 154, 'SABTU', 4, 22, 0, NULL),
(10439, 150, 'SABTU', 5, 2, 0, NULL),
(10440, 150, 'SABTU', 6, 2, 0, NULL),
(10441, 162, 'SENIN', 1, 20, 0, NULL),
(10442, 173, 'SENIN', 2, 6, 0, NULL),
(10443, 173, 'SENIN', 3, 6, 0, NULL),
(10444, 173, 'SENIN', 4, 6, 0, NULL),
(10445, 165, 'SENIN', 5, 2, 0, NULL),
(10446, 165, 'SENIN', 6, 2, 0, NULL),
(10447, 165, 'SENIN', 7, 2, 0, NULL),
(10448, 174, 'SELASA', 1, 5, 0, NULL),
(10449, 174, 'SELASA', 2, 5, 0, NULL),
(10450, 176, 'SELASA', 3, 20, 0, NULL),
(10451, 176, 'SELASA', 4, 20, 0, NULL),
(10452, 170, 'SELASA', 5, 10, 0, NULL),
(10453, 170, 'SELASA', 6, 10, 0, NULL),
(10454, 162, 'SELASA', 7, 20, 0, NULL),
(10455, 172, 'RABU', 1, 19, 0, NULL),
(10456, 172, 'RABU', 2, 19, 0, NULL),
(10457, 171, 'RABU', 3, 24, 0, NULL),
(10458, 171, 'RABU', 4, 24, 0, NULL),
(10459, 162, 'RABU', 5, 20, 0, NULL),
(10460, 169, 'RABU', 6, 22, 0, NULL),
(10461, 169, 'RABU', 7, 22, 0, NULL),
(10462, 168, 'KAMIS', 1, 5, 0, NULL),
(10463, 168, 'KAMIS', 2, 5, 0, NULL),
(10464, 168, 'KAMIS', 3, 5, 0, NULL),
(10465, 166, 'KAMIS', 4, 15, 0, NULL),
(10466, 166, 'KAMIS', 5, 15, 0, NULL),
(10467, 166, 'KAMIS', 6, 15, 0, NULL),
(10468, 166, 'KAMIS', 7, 15, 0, NULL),
(10469, 167, 'JUMAT', 1, 22, 0, NULL),
(10470, 167, 'JUMAT', 2, 22, 0, NULL),
(10471, 175, 'JUMAT', 3, 14, 0, NULL),
(10472, 175, 'JUMAT', 4, 14, 0, NULL),
(10473, 164, 'JUMAT', 5, 22, 0, NULL),
(10474, 164, 'JUMAT', 6, 22, 0, NULL),
(10475, 165, 'SABTU', 1, 2, 0, NULL),
(10476, 165, 'SABTU', 2, 2, 0, NULL),
(10477, 163, 'SABTU', 3, 7, 0, NULL),
(10478, 163, 'SABTU', 4, 7, 0, NULL),
(10479, 163, 'SABTU', 5, 7, 0, NULL),
(10480, 163, 'SABTU', 6, 7, 0, NULL),
(10481, 180, 'SENIN', 1, 2, 0, NULL),
(10482, 180, 'SENIN', 2, 2, 0, NULL),
(10483, 180, 'SENIN', 3, 2, 0, NULL),
(10484, 191, 'SENIN', 4, 20, 0, NULL),
(10485, 191, 'SENIN', 5, 20, 0, NULL),
(10486, 187, 'SENIN', 6, 19, 0, NULL),
(10487, 187, 'SENIN', 7, 19, 0, NULL),
(10488, 181, 'SELASA', 1, 22, 0, NULL),
(10489, 181, 'SELASA', 2, 22, 0, NULL),
(10490, 181, 'SELASA', 3, 22, 0, NULL),
(10491, 181, 'SELASA', 4, 22, 0, NULL),
(10492, 178, 'SELASA', 5, 7, 0, NULL),
(10493, 178, 'SELASA', 6, 7, 0, NULL),
(10494, 178, 'SELASA', 7, 7, 0, NULL),
(10495, 188, 'RABU', 1, 6, 0, NULL),
(10496, 183, 'RABU', 2, 5, 0, NULL),
(10497, 183, 'RABU', 3, 5, 0, NULL),
(10498, 183, 'RABU', 4, 5, 0, NULL),
(10499, 178, 'RABU', 5, 7, 0, NULL),
(10500, 190, 'RABU', 6, 14, 0, NULL),
(10501, 190, 'RABU', 7, 14, 0, NULL),
(10502, 184, 'KAMIS', 1, 22, 0, NULL),
(10503, 184, 'KAMIS', 2, 22, 0, NULL),
(10504, 177, 'KAMIS', 3, 20, 0, NULL),
(10505, 189, 'KAMIS', 4, 5, 0, NULL),
(10506, 189, 'KAMIS', 5, 5, 0, NULL),
(10507, 177, 'KAMIS', 6, 20, 0, NULL),
(10508, 177, 'KAMIS', 7, 20, 0, NULL),
(10509, 188, 'JUMAT', 1, 6, 0, NULL),
(10510, 188, 'JUMAT', 2, 6, 0, NULL),
(10511, 185, 'JUMAT', 3, 10, 0, NULL),
(10512, 185, 'JUMAT', 4, 10, 0, NULL),
(10513, 186, 'JUMAT', 5, 4, 0, NULL),
(10514, 186, 'JUMAT', 6, 4, 0, NULL),
(10515, 179, 'SABTU', 1, 22, 0, NULL),
(10516, 179, 'SABTU', 2, 22, 0, NULL),
(10517, 180, 'SABTU', 3, 2, 0, NULL),
(10518, 180, 'SABTU', 4, 2, 0, NULL),
(10519, 182, 'SABTU', 5, 22, 0, NULL),
(10520, 182, 'SABTU', 6, 22, 0, NULL),
(10521, 192, 'SENIN', 1, 30, 0, NULL),
(10522, 202, 'SENIN', 2, 20, 0, NULL),
(10523, 202, 'SENIN', 3, 20, 0, NULL),
(10524, 195, 'SENIN', 4, 5, 0, NULL),
(10525, 195, 'SENIN', 5, 5, 0, NULL),
(10526, 207, 'SENIN', 6, 14, 0, NULL),
(10527, 207, 'SENIN', 7, 14, 0, NULL),
(10528, 201, 'SELASA', 1, 3, 0, NULL),
(10529, 201, 'SELASA', 2, 3, 0, NULL),
(10530, 201, 'SELASA', 3, 3, 0, NULL),
(10531, 196, 'SELASA', 4, 25, 0, NULL),
(10532, 196, 'SELASA', 5, 25, 0, NULL),
(10533, 201, 'SELASA', 6, 3, 0, NULL),
(10534, 201, 'SELASA', 7, 3, 0, NULL),
(10535, 199, 'RABU', 1, 7, 0, NULL),
(10536, 199, 'RABU', 2, 7, 0, NULL),
(10537, 197, 'RABU', 3, 22, 0, NULL),
(10538, 197, 'RABU', 4, 22, 0, NULL),
(10539, 206, 'RABU', 5, 21, 0, NULL),
(10540, 203, 'RABU', 6, 4, 0, NULL),
(10541, 203, 'RABU', 7, 4, 0, NULL),
(10542, 192, 'KAMIS', 1, 30, 0, NULL),
(10543, 200, 'KAMIS', 2, 25, 0, NULL),
(10544, 200, 'KAMIS', 3, 25, 0, NULL),
(10545, 194, 'KAMIS', 4, 22, 0, NULL),
(10546, 194, 'KAMIS', 5, 22, 0, NULL),
(10547, 198, 'KAMIS', 6, 25, 0, NULL),
(10548, 198, 'KAMIS', 7, 25, 0, NULL),
(10549, 199, 'JUMAT', 1, 7, 0, NULL),
(10550, 199, 'JUMAT', 2, 7, 0, NULL),
(10551, 206, 'JUMAT', 3, 21, 0, NULL),
(10552, 205, 'JUMAT', 4, 6, 0, NULL),
(10553, 205, 'JUMAT', 5, 6, 0, NULL),
(10554, 205, 'JUMAT', 6, 6, 0, NULL),
(10555, 193, 'SABTU', 1, 9, 0, NULL),
(10556, 193, 'SABTU', 2, 9, 0, NULL),
(10557, 204, 'SABTU', 3, 19, 0, NULL),
(10558, 204, 'SABTU', 4, 19, 0, NULL),
(10559, 208, 'SABTU', 5, 33, 0, NULL),
(10560, 208, 'SABTU', 6, 33, 0, NULL),
(10561, 219, 'SENIN', 1, 33, 0, NULL),
(10562, 213, 'SENIN', 2, 10, 0, NULL),
(10563, 213, 'SENIN', 3, 10, 0, NULL),
(10564, 219, 'SENIN', 4, 33, 0, NULL),
(10565, 222, 'SENIN', 5, 26, 0, NULL),
(10566, 222, 'SENIN', 6, 26, 0, NULL),
(10567, 222, 'SENIN', 7, 26, 0, NULL),
(10568, 209, 'SELASA', 1, 28, 0, NULL),
(10569, 209, 'SELASA', 2, 28, 0, NULL),
(10570, 209, 'SELASA', 3, 28, 0, NULL),
(10571, 221, 'SELASA', 4, 32, 0, NULL),
(10572, 221, 'SELASA', 5, 32, 0, NULL),
(10573, 210, 'SELASA', 6, 30, 0, NULL),
(10574, 210, 'SELASA', 7, 30, 0, NULL),
(10575, 212, 'RABU', 1, 3, 0, NULL),
(10576, 212, 'RABU', 2, 3, 0, NULL),
(10577, 212, 'RABU', 3, 3, 0, NULL),
(10578, 221, 'RABU', 4, 32, 0, NULL),
(10579, 221, 'RABU', 5, 32, 0, NULL),
(10580, 212, 'RABU', 6, 3, 0, NULL),
(10581, 212, 'RABU', 7, 3, 0, NULL),
(10582, 216, 'KAMIS', 1, 21, 0, NULL),
(10583, 216, 'KAMIS', 2, 21, 0, NULL),
(10584, 215, 'KAMIS', 3, 19, 0, NULL),
(10585, 215, 'KAMIS', 4, 19, 0, NULL),
(10586, 218, 'KAMIS', 5, 21, 0, NULL),
(10587, 218, 'KAMIS', 6, 21, 0, NULL),
(10588, 216, 'KAMIS', 7, 21, 0, NULL),
(10589, 217, 'JUMAT', 1, 21, 0, NULL),
(10590, 217, 'JUMAT', 2, 21, 0, NULL),
(10591, 211, 'JUMAT', 3, 13, 0, NULL),
(10592, 211, 'JUMAT', 4, 13, 0, NULL),
(10593, 211, 'JUMAT', 5, 13, 0, NULL),
(10594, 211, 'JUMAT', 6, 13, 0, NULL),
(10595, 210, 'SABTU', 1, 30, 0, NULL),
(10596, 220, 'SABTU', 2, 16, 0, NULL),
(10597, 220, 'SABTU', 3, 16, 0, NULL),
(10598, 220, 'SABTU', 4, 16, 0, NULL),
(10599, 214, 'SABTU', 5, 4, 0, NULL),
(10600, 214, 'SABTU', 6, 4, 0, NULL),
(10601, 225, 'SENIN', 1, 13, 0, NULL),
(10602, 225, 'SENIN', 2, 13, 0, NULL),
(10603, 226, 'SENIN', 3, 31, 0, NULL),
(10604, 226, 'SENIN', 4, 31, 0, NULL),
(10605, 226, 'SENIN', 5, 31, 0, NULL),
(10606, 227, 'SENIN', 6, 10, 0, NULL),
(10607, 233, 'SENIN', 7, 33, 0, NULL),
(10608, 233, 'SELASA', 1, 33, 0, NULL),
(10609, 232, 'SELASA', 2, 21, 0, NULL),
(10610, 232, 'SELASA', 3, 21, 0, NULL),
(10611, 230, 'SELASA', 4, 21, 0, NULL),
(10612, 230, 'SELASA', 5, 21, 0, NULL),
(10613, 230, 'SELASA', 6, 21, 0, NULL),
(10614, 225, 'SELASA', 7, 13, 0, NULL),
(10615, 226, 'RABU', 1, 31, 0, NULL),
(10616, 231, 'RABU', 2, 21, 0, NULL),
(10617, 223, 'RABU', 3, 28, 0, NULL),
(10618, 223, 'RABU', 4, 28, 0, NULL),
(10619, 223, 'RABU', 5, 28, 0, NULL),
(10620, 231, 'RABU', 6, 21, 0, NULL),
(10621, 225, 'RABU', 7, 13, 0, NULL),
(10622, 235, 'KAMIS', 1, 32, 0, NULL),
(10623, 235, 'KAMIS', 2, 32, 0, NULL),
(10624, 235, 'KAMIS', 3, 32, 0, NULL),
(10625, 235, 'KAMIS', 4, 32, 0, NULL),
(10626, 234, 'KAMIS', 5, 16, 0, NULL),
(10627, 234, 'KAMIS', 6, 16, 0, NULL),
(10628, 234, 'KAMIS', 7, 16, 0, NULL),
(10629, 227, 'JUMAT', 1, 10, 0, NULL),
(10630, 228, 'JUMAT', 2, 4, 0, NULL),
(10631, 228, 'JUMAT', 3, 4, 0, NULL),
(10632, 224, 'JUMAT', 4, 30, 0, NULL),
(10633, 224, 'JUMAT', 5, 30, 0, NULL),
(10634, 224, 'JUMAT', 6, 30, 0, NULL),
(10635, 226, 'SABTU', 1, 31, 0, NULL),
(10636, 236, 'SABTU', 2, 26, 0, NULL),
(10637, 236, 'SABTU', 3, 26, 0, NULL),
(10638, 236, 'SABTU', 4, 26, 0, NULL),
(10639, 229, 'SABTU', 5, 19, 0, NULL),
(10640, 229, 'SABTU', 6, 19, 0, NULL),
(10641, 240, 'SENIN', 1, 11, 0, NULL),
(10642, 240, 'SENIN', 2, 11, 0, NULL),
(10643, 250, 'SENIN', 3, 19, 0, NULL),
(10644, 250, 'SENIN', 4, 19, 0, NULL),
(10645, 250, 'SENIN', 5, 19, 0, NULL),
(10646, 246, 'SENIN', 6, 5, 0, NULL),
(10647, 246, 'SENIN', 7, 5, 0, NULL),
(10648, 249, 'SELASA', 1, 32, 0, NULL),
(10649, 249, 'SELASA', 2, 32, 0, NULL),
(10650, 241, 'SELASA', 3, 10, 0, NULL),
(10651, 241, 'SELASA', 4, 10, 0, NULL),
(10652, 248, 'SELASA', 5, 16, 0, NULL),
(10653, 248, 'SELASA', 6, 16, 0, NULL),
(10654, 248, 'SELASA', 7, 16, 0, NULL),
(10655, 249, 'RABU', 1, 32, 0, NULL),
(10656, 249, 'RABU', 2, 32, 0, NULL),
(10657, 239, 'RABU', 3, 17, 0, NULL),
(10658, 240, 'RABU', 4, 11, 0, NULL),
(10659, 240, 'RABU', 5, 11, 0, NULL),
(10660, 240, 'RABU', 6, 11, 0, NULL),
(10661, 244, 'RABU', 7, 21, 0, NULL),
(10662, 243, 'KAMIS', 1, 19, 0, NULL),
(10663, 243, 'KAMIS', 2, 19, 0, NULL),
(10664, 244, 'KAMIS', 3, 21, 0, NULL),
(10665, 244, 'KAMIS', 4, 21, 0, NULL),
(10666, 239, 'KAMIS', 5, 17, 0, NULL),
(10667, 242, 'KAMIS', 6, 4, 0, NULL),
(10668, 242, 'KAMIS', 7, 4, 0, NULL),
(10669, 237, 'JUMAT', 1, 26, 0, NULL),
(10670, 237, 'JUMAT', 2, 26, 0, NULL),
(10671, 237, 'JUMAT', 3, 26, 0, NULL),
(10672, 245, 'JUMAT', 4, 21, 0, NULL),
(10673, 245, 'JUMAT', 5, 21, 0, NULL),
(10674, 247, 'JUMAT', 6, 33, 0, NULL),
(10675, 247, 'SABTU', 1, 33, 0, NULL),
(10676, 239, 'SABTU', 2, 17, 0, NULL),
(10677, 239, 'SABTU', 3, 17, 0, NULL),
(10678, 238, 'SABTU', 4, 30, 0, NULL),
(10679, 238, 'SABTU', 5, 30, 0, NULL),
(10680, 238, 'SABTU', 6, 30, 0, NULL),
(10681, 255, 'SENIN', 1, 10, 0, NULL),
(10682, 261, 'SENIN', 2, 33, 0, NULL),
(10683, 256, 'SENIN', 3, 4, 0, NULL),
(10684, 256, 'SENIN', 4, 4, 0, NULL),
(10685, 258, 'SENIN', 5, 6, 0, NULL),
(10686, 258, 'SENIN', 6, 6, 0, NULL),
(10687, 258, 'SENIN', 7, 6, 0, NULL),
(10688, 253, 'SELASA', 1, 17, 0, NULL),
(10689, 257, 'SELASA', 2, 19, 0, NULL),
(10690, 257, 'SELASA', 3, 19, 0, NULL),
(10691, 263, 'SELASA', 4, 28, 0, NULL),
(10692, 263, 'SELASA', 5, 28, 0, NULL),
(10693, 260, 'SELASA', 6, 5, 0, NULL),
(10694, 260, 'SELASA', 7, 5, 0, NULL),
(10695, 263, 'RABU', 1, 28, 0, NULL),
(10696, 263, 'RABU', 2, 28, 0, NULL),
(10697, 259, 'RABU', 3, 21, 0, NULL),
(10698, 259, 'RABU', 4, 21, 0, NULL),
(10699, 253, 'RABU', 5, 17, 0, NULL),
(10700, 253, 'RABU', 6, 17, 0, NULL),
(10701, 253, 'RABU', 7, 17, 0, NULL),
(10702, 255, 'KAMIS', 1, 10, 0, NULL),
(10703, 262, 'KAMIS', 2, 16, 0, NULL),
(10704, 262, 'KAMIS', 3, 16, 0, NULL),
(10705, 262, 'KAMIS', 4, 16, 0, NULL),
(10706, 251, 'KAMIS', 5, 26, 0, NULL),
(10707, 251, 'KAMIS', 6, 26, 0, NULL),
(10708, 251, 'KAMIS', 7, 26, 0, NULL),
(10709, 252, 'JUMAT', 1, 30, 0, NULL),
(10710, 252, 'JUMAT', 2, 30, 0, NULL),
(10711, 252, 'JUMAT', 3, 30, 0, NULL),
(10712, 264, 'JUMAT', 4, 19, 0, NULL),
(10713, 264, 'JUMAT', 5, 19, 0, NULL),
(10714, 264, 'JUMAT', 6, 19, 0, NULL),
(10715, 254, 'SABTU', 1, 11, 0, NULL),
(10716, 254, 'SABTU', 2, 11, 0, NULL),
(10717, 261, 'SABTU', 3, 33, 0, NULL),
(10718, 254, 'SABTU', 4, 11, 0, NULL),
(10719, 254, 'SABTU', 5, 11, 0, NULL),
(10720, 254, 'SABTU', 6, 11, 0, NULL),
(10721, 277, 'SENIN', 2, 27, 0, NULL),
(10722, 279, 'SENIN', 3, 33, 0, NULL),
(10723, 279, 'SENIN', 4, 33, 0, NULL),
(10724, 274, 'SENIN', 5, 10, 0, NULL),
(10725, 274, 'SENIN', 6, 10, 0, NULL),
(10726, 277, 'SENIN', 7, 27, 0, NULL),
(10727, 267, 'SELASA', 1, 25, 0, NULL),
(10728, 267, 'SELASA', 2, 25, 0, NULL),
(10729, 272, 'SELASA', 3, 5, 0, NULL),
(10730, 272, 'SELASA', 4, 5, 0, NULL),
(10731, 271, 'SELASA', 5, 13, 0, NULL),
(10732, 271, 'SELASA', 6, 13, 0, NULL),
(10733, 271, 'SELASA', 7, 13, 0, NULL),
(10734, 270, 'RABU', 1, 30, 0, NULL),
(10735, 266, 'RABU', 2, 5, 0, NULL),
(10736, 266, 'RABU', 3, 5, 0, NULL),
(10737, 276, 'RABU', 4, 6, 0, NULL),
(10738, 276, 'RABU', 5, 6, 0, NULL),
(10739, 273, 'RABU', 6, 11, 0, NULL),
(10740, 273, 'RABU', 7, 11, 0, NULL),
(10741, 269, 'KAMIS', 1, 25, 0, NULL),
(10742, 269, 'KAMIS', 2, 25, 0, NULL),
(10743, 268, 'KAMIS', 3, 22, 0, NULL),
(10744, 268, 'KAMIS', 4, 22, 0, NULL),
(10745, 273, 'KAMIS', 5, 11, 0, NULL),
(10746, 273, 'KAMIS', 6, 11, 0, NULL),
(10747, 273, 'KAMIS', 7, 11, 0, NULL),
(10748, 276, 'JUMAT', 1, 6, 0, NULL),
(10749, 275, 'JUMAT', 2, 4, 0, NULL),
(10750, 275, 'JUMAT', 3, 4, 0, NULL),
(10751, 278, 'JUMAT', 4, 21, 0, NULL),
(10752, 278, 'JUMAT', 5, 21, 0, NULL),
(10753, 271, 'JUMAT', 6, 13, 0, NULL),
(10754, 265, 'SABTU', 1, 9, 0, NULL),
(10755, 265, 'SABTU', 2, 9, 0, NULL),
(10756, 265, 'SABTU', 3, 9, 0, NULL),
(10757, 270, 'SABTU', 4, 30, 0, NULL),
(10758, 270, 'SABTU', 5, 30, 0, NULL),
(10759, 269, 'SABTU', 6, 25, 0, NULL),
(10760, 269, 'SABTU', 7, 25, 0, NULL),
(10761, 280, 'SENIN', 2, 13, 0, NULL),
(10762, 280, 'SENIN', 3, 13, 0, NULL),
(10763, 288, 'SENIN', 4, 20, 0, NULL),
(10764, 288, 'SENIN', 5, 20, 0, NULL),
(10765, 284, 'SENIN', 6, 15, 0, NULL),
(10766, 284, 'SENIN', 7, 15, 0, NULL),
(10767, 292, 'SELASA', 1, 21, 0, NULL),
(10768, 292, 'SELASA', 2, 21, 0, NULL),
(10769, 293, 'SELASA', 3, 30, 0, NULL),
(10770, 293, 'SELASA', 4, 30, 0, NULL),
(10771, 286, 'SELASA', 5, 5, 0, NULL),
(10772, 286, 'SELASA', 6, 5, 0, NULL),
(10773, 286, 'SELASA', 7, 5, 0, NULL),
(10774, 287, 'RABU', 1, 22, 0, NULL),
(10775, 287, 'RABU', 2, 22, 0, NULL),
(10776, 290, 'RABU', 3, 21, 0, NULL),
(10777, 290, 'RABU', 4, 21, 0, NULL),
(10778, 290, 'RABU', 5, 21, 0, NULL),
(10779, 280, 'RABU', 6, 13, 0, NULL),
(10780, 280, 'RABU', 7, 13, 0, NULL),
(10781, 284, 'KAMIS', 1, 15, 0, NULL),
(10782, 284, 'KAMIS', 2, 15, 0, NULL),
(10783, 293, 'KAMIS', 3, 30, 0, NULL),
(10784, 281, 'KAMIS', 4, 5, 0, NULL),
(10785, 281, 'KAMIS', 5, 5, 0, NULL),
(10786, 283, 'KAMIS', 6, 2, 0, NULL),
(10787, 283, 'KAMIS', 7, 2, 0, NULL),
(10788, 294, 'JUMAT', 1, 33, 0, NULL),
(10789, 294, 'JUMAT', 2, 33, 0, NULL),
(10790, 285, 'JUMAT', 3, 22, 0, NULL),
(10791, 285, 'JUMAT', 4, 22, 0, NULL),
(10792, 282, 'JUMAT', 5, 22, 0, NULL),
(10793, 282, 'JUMAT', 6, 22, 0, NULL),
(10794, 283, 'SABTU', 1, 2, 0, NULL),
(10795, 283, 'SABTU', 2, 2, 0, NULL),
(10796, 283, 'SABTU', 3, 2, 0, NULL),
(10797, 291, 'SABTU', 4, 8, 0, NULL),
(10798, 291, 'SABTU', 5, 8, 0, NULL),
(10799, 289, 'SABTU', 6, 4, 0, NULL),
(10800, 289, 'SABTU', 7, 4, 0, NULL),
(10801, 309, 'SENIN', 2, 33, 0, NULL),
(10802, 299, 'SENIN', 3, 15, 0, NULL),
(10803, 299, 'SENIN', 4, 15, 0, NULL),
(10804, 295, 'SENIN', 5, 13, 0, NULL),
(10805, 295, 'SENIN', 6, 13, 0, NULL),
(10806, 295, 'SENIN', 7, 13, 0, NULL),
(10807, 296, 'SELASA', 1, 5, 0, NULL),
(10808, 296, 'SELASA', 2, 5, 0, NULL),
(10809, 309, 'SELASA', 3, 33, 0, NULL),
(10810, 300, 'SELASA', 4, 22, 0, NULL),
(10811, 300, 'SELASA', 5, 22, 0, NULL),
(10812, 307, 'SELASA', 6, 21, 0, NULL),
(10813, 307, 'SELASA', 7, 21, 0, NULL),
(10814, 305, 'RABU', 1, 21, 0, NULL),
(10815, 305, 'RABU', 2, 21, 0, NULL),
(10816, 303, 'RABU', 3, 20, 0, NULL),
(10817, 303, 'RABU', 4, 20, 0, NULL),
(10818, 301, 'RABU', 5, 5, 0, NULL),
(10819, 301, 'RABU', 6, 5, 0, NULL),
(10820, 301, 'RABU', 7, 5, 0, NULL),
(10821, 304, 'KAMIS', 1, 4, 0, NULL),
(10822, 304, 'KAMIS', 2, 4, 0, NULL),
(10823, 299, 'KAMIS', 3, 15, 0, NULL),
(10824, 299, 'KAMIS', 4, 15, 0, NULL),
(10825, 295, 'KAMIS', 5, 13, 0, NULL),
(10826, 302, 'KAMIS', 6, 22, 0, NULL),
(10827, 302, 'KAMIS', 7, 22, 0, NULL),
(10828, 297, 'JUMAT', 1, 22, 0, NULL),
(10829, 297, 'JUMAT', 2, 22, 0, NULL),
(10830, 298, 'JUMAT', 3, 2, 0, NULL),
(10831, 298, 'JUMAT', 4, 2, 0, NULL),
(10832, 298, 'JUMAT', 5, 2, 0, NULL),
(10833, 305, 'JUMAT', 6, 21, 0, NULL),
(10834, 308, 'SABTU', 1, 30, 0, NULL),
(10835, 308, 'SABTU', 2, 30, 0, NULL),
(10836, 308, 'SABTU', 3, 30, 0, NULL),
(10837, 298, 'SABTU', 4, 2, 0, NULL),
(10838, 298, 'SABTU', 5, 2, 0, NULL),
(10839, 306, 'SABTU', 6, 8, 0, NULL),
(10840, 306, 'SABTU', 7, 8, 0, NULL),
(10841, 318, 'SENIN', 2, 5, 0, NULL),
(10842, 310, 'SENIN', 3, 26, 0, NULL),
(10843, 310, 'SENIN', 4, 26, 0, NULL),
(10844, 318, 'SENIN', 5, 5, 0, NULL),
(10845, 319, 'SENIN', 6, 33, 0, NULL),
(10846, 319, 'SENIN', 7, 33, 0, NULL),
(10847, 313, 'SELASA', 1, 3, 0, NULL),
(10848, 313, 'SELASA', 2, 3, 0, NULL),
(10849, 312, 'SELASA', 3, 7, 0, NULL),
(10850, 312, 'SELASA', 4, 7, 0, NULL),
(10851, 311, 'SELASA', 5, 20, 0, NULL),
(10852, 321, 'SELASA', 6, 16, 0, NULL),
(10853, 321, 'SELASA', 7, 16, 0, NULL),
(10854, 310, 'RABU', 1, 26, 0, NULL),
(10855, 310, 'RABU', 2, 26, 0, NULL),
(10856, 313, 'RABU', 3, 3, 0, NULL),
(10857, 313, 'RABU', 4, 3, 0, NULL),
(10858, 313, 'RABU', 5, 3, 0, NULL),
(10859, 316, 'RABU', 6, 6, 0, NULL),
(10860, 316, 'RABU', 7, 6, 0, NULL),
(10861, 320, 'KAMIS', 1, 19, 0, NULL),
(10862, 320, 'KAMIS', 2, 19, 0, NULL),
(10863, 317, 'KAMIS', 3, 27, 0, NULL),
(10864, 314, 'KAMIS', 4, 10, 0, NULL),
(10865, 314, 'KAMIS', 5, 10, 0, NULL),
(10866, 315, 'KAMIS', 6, 12, 0, NULL),
(10867, 315, 'KAMIS', 7, 12, 0, NULL),
(10868, 311, 'JUMAT', 1, 20, 0, NULL),
(10869, 311, 'JUMAT', 2, 20, 0, NULL),
(10870, 322, 'JUMAT', 3, 26, 0, NULL),
(10871, 322, 'JUMAT', 4, 26, 0, NULL),
(10872, 322, 'JUMAT', 5, 26, 0, NULL),
(10873, 316, 'JUMAT', 6, 6, 0, NULL),
(10874, 312, 'SABTU', 1, 7, 0, NULL),
(10875, 312, 'SABTU', 2, 7, 0, NULL),
(10876, 320, 'SABTU', 3, 19, 0, NULL),
(10877, 320, 'SABTU', 4, 19, 0, NULL),
(10878, 321, 'SABTU', 5, 16, 0, NULL),
(10879, 321, 'SABTU', 6, 16, 0, NULL),
(10880, 317, 'SABTU', 7, 27, 0, NULL),
(10881, 324, 'SENIN', 2, 20, 0, NULL),
(10882, 331, 'SENIN', 3, 5, 0, NULL),
(10883, 331, 'SENIN', 4, 5, 0, NULL),
(10884, 329, 'SENIN', 5, 6, 0, NULL),
(10885, 329, 'SENIN', 6, 6, 0, NULL),
(10886, 329, 'SENIN', 7, 6, 0, NULL),
(10887, 323, 'SELASA', 1, 26, 0, NULL),
(10888, 323, 'SELASA', 2, 26, 0, NULL),
(10889, 323, 'SELASA', 3, 26, 0, NULL),
(10890, 323, 'SELASA', 4, 26, 0, NULL),
(10891, 327, 'SELASA', 5, 10, 0, NULL),
(10892, 327, 'SELASA', 6, 10, 0, NULL),
(10893, 326, 'SELASA', 7, 3, 0, NULL),
(10894, 326, 'RABU', 1, 3, 0, NULL),
(10895, 326, 'RABU', 2, 3, 0, NULL),
(10896, 335, 'RABU', 3, 26, 0, NULL),
(10897, 335, 'RABU', 4, 26, 0, NULL),
(10898, 335, 'RABU', 5, 26, 0, NULL),
(10899, 326, 'RABU', 6, 3, 0, NULL),
(10900, 326, 'RABU', 7, 3, 0, NULL),
(10901, 325, 'KAMIS', 1, 7, 0, NULL),
(10902, 325, 'KAMIS', 2, 7, 0, NULL),
(10903, 334, 'KAMIS', 3, 16, 0, NULL),
(10904, 334, 'KAMIS', 4, 16, 0, NULL),
(10905, 333, 'KAMIS', 5, 19, 0, NULL),
(10906, 333, 'KAMIS', 6, 19, 0, NULL),
(10907, 324, 'KAMIS', 7, 20, 0, NULL),
(10908, 333, 'JUMAT', 1, 19, 0, NULL),
(10909, 333, 'JUMAT', 2, 19, 0, NULL),
(10910, 325, 'JUMAT', 3, 7, 0, NULL),
(10911, 325, 'JUMAT', 4, 7, 0, NULL),
(10912, 328, 'JUMAT', 5, 12, 0, NULL),
(10913, 328, 'JUMAT', 6, 12, 0, NULL),
(10914, 332, 'SABTU', 1, 33, 0, NULL),
(10915, 332, 'SABTU', 2, 33, 0, NULL),
(10916, 334, 'SABTU', 3, 16, 0, NULL),
(10917, 334, 'SABTU', 4, 16, 0, NULL),
(10918, 330, 'SABTU', 5, 27, 0, NULL),
(10919, 330, 'SABTU', 6, 27, 0, NULL),
(10920, 324, 'SABTU', 7, 20, 0, NULL),
(10921, 342, 'SENIN', 2, 6, 0, NULL),
(10922, 342, 'SENIN', 3, 6, 0, NULL),
(10923, 342, 'SENIN', 4, 6, 0, NULL),
(10924, 348, 'SENIN', 5, 26, 0, NULL),
(10925, 348, 'SENIN', 6, 26, 0, NULL),
(10926, 348, 'SENIN', 7, 26, 0, NULL),
(10927, 339, 'SELASA', 1, 31, 0, NULL),
(10928, 336, 'SELASA', 2, 16, 0, NULL),
(10929, 336, 'SELASA', 3, 16, 0, NULL),
(10930, 347, 'SELASA', 4, 32, 0, NULL),
(10931, 347, 'SELASA', 5, 32, 0, NULL),
(10932, 338, 'SELASA', 6, 7, 0, NULL),
(10933, 338, 'SELASA', 7, 7, 0, NULL),
(10934, 343, 'RABU', 1, 27, 0, NULL),
(10935, 343, 'RABU', 2, 27, 0, NULL),
(10936, 347, 'RABU', 3, 32, 0, NULL),
(10937, 347, 'RABU', 4, 32, 0, NULL),
(10938, 337, 'RABU', 5, 20, 0, NULL),
(10939, 337, 'RABU', 6, 20, 0, NULL),
(10940, 337, 'RABU', 7, 20, 0, NULL),
(10941, 339, 'KAMIS', 1, 31, 0, NULL),
(10942, 339, 'KAMIS', 2, 31, 0, NULL),
(10943, 346, 'KAMIS', 3, 19, 0, NULL),
(10944, 346, 'KAMIS', 4, 19, 0, NULL),
(10945, 339, 'KAMIS', 5, 31, 0, NULL),
(10946, 336, 'KAMIS', 6, 16, 0, NULL),
(10947, 336, 'KAMIS', 7, 16, 0, NULL),
(10948, 340, 'JUMAT', 1, 10, 0, NULL),
(10949, 340, 'JUMAT', 2, 10, 0, NULL),
(10950, 344, 'JUMAT', 3, 14, 0, NULL),
(10951, 344, 'JUMAT', 4, 14, 0, NULL),
(10952, 345, 'JUMAT', 5, 33, 0, NULL),
(10953, 345, 'JUMAT', 6, 33, 0, NULL),
(10954, 341, 'SABTU', 1, 12, 0, NULL),
(10955, 341, 'SABTU', 2, 12, 0, NULL),
(10956, 339, 'SABTU', 3, 31, 0, NULL),
(10957, 338, 'SABTU', 4, 7, 0, NULL),
(10958, 338, 'SABTU', 5, 7, 0, NULL),
(10959, 346, 'SABTU', 6, 19, 0, NULL),
(10960, 346, 'SABTU', 7, 19, 0, NULL),
(10961, 353, 'SENIN', 2, 10, 0, NULL),
(10962, 353, 'SENIN', 3, 10, 0, NULL),
(10963, 357, 'SENIN', 4, 14, 0, NULL),
(10964, 357, 'SENIN', 5, 14, 0, NULL),
(10965, 354, 'SENIN', 6, 12, 0, NULL),
(10966, 354, 'SENIN', 7, 12, 0, NULL),
(10967, 350, 'SELASA', 1, 20, 0, NULL),
(10968, 360, 'SELASA', 2, 32, 0, NULL),
(10969, 360, 'SELASA', 3, 32, 0, NULL),
(10970, 349, 'SELASA', 4, 16, 0, NULL),
(10971, 349, 'SELASA', 5, 16, 0, NULL),
(10972, 350, 'SELASA', 6, 20, 0, NULL),
(10973, 350, 'SELASA', 7, 20, 0, NULL),
(10974, 355, 'RABU', 1, 6, 0, NULL),
(10975, 355, 'RABU', 2, 6, 0, NULL),
(10976, 352, 'RABU', 3, 31, 0, NULL),
(10977, 359, 'RABU', 4, 19, 0, NULL),
(10978, 359, 'RABU', 5, 19, 0, NULL),
(10979, 359, 'RABU', 6, 19, 0, NULL),
(10980, 359, 'RABU', 7, 19, 0, NULL),
(10981, 349, 'KAMIS', 1, 16, 0, NULL),
(10982, 349, 'KAMIS', 2, 16, 0, NULL),
(10983, 351, 'KAMIS', 3, 7, 0, NULL),
(10984, 351, 'KAMIS', 4, 7, 0, NULL),
(10985, 351, 'KAMIS', 5, 7, 0, NULL),
(10986, 351, 'KAMIS', 6, 7, 0, NULL),
(10987, 352, 'KAMIS', 7, 31, 0, NULL),
(10988, 352, 'JUMAT', 1, 31, 0, NULL),
(10989, 360, 'JUMAT', 2, 32, 0, NULL),
(10990, 360, 'JUMAT', 3, 32, 0, NULL),
(10991, 355, 'JUMAT', 4, 6, 0, NULL),
(10992, 356, 'JUMAT', 5, 27, 0, NULL),
(10993, 356, 'JUMAT', 6, 27, 0, NULL),
(10994, 361, 'SABTU', 1, 26, 0, NULL),
(10995, 361, 'SABTU', 2, 26, 0, NULL),
(10996, 361, 'SABTU', 3, 26, 0, NULL),
(10997, 352, 'SABTU', 4, 31, 0, NULL),
(10998, 352, 'SABTU', 5, 31, 0, NULL),
(10999, 358, 'SABTU', 6, 33, 0, NULL),
(11000, 358, 'SABTU', 7, 33, 0, NULL);

--
-- Indexes for dumped tables
--

--
-- Indeks untuk tabel `classes`
--
ALTER TABLE `classes`
  ADD PRIMARY KEY (`id_kelas`),
  ADD UNIQUE KEY `nama_kelas` (`nama_kelas`);

--
-- Indeks untuk tabel `class_subjects`
--
ALTER TABLE `class_subjects`
  ADD PRIMARY KEY (`id_class_subject`),
  ADD UNIQUE KEY `id_kelas` (`id_kelas`,`id_mapel`),
  ADD KEY `id_mapel` (`id_mapel`),
  ADD KEY `id_guru_mutlak` (`id_guru_mutlak`);

--
-- Indeks untuk tabel `lms_endpoints`
--
ALTER TABLE `lms_endpoints`
  ADD PRIMARY KEY (`id`);

--
-- Indeks untuk tabel `subjects`
--
ALTER TABLE `subjects`
  ADD PRIMARY KEY (`id_mapel`),
  ADD UNIQUE KEY `unique_nama_mapel` (`nama_mapel`);

--
-- Indeks untuk tabel `system_settings`
--
ALTER TABLE `system_settings`
  ADD PRIMARY KEY (`key`);

--
-- Indeks untuk tabel `teachers`
--
ALTER TABLE `teachers`
  ADD PRIMARY KEY (`id_guru`),
  ADD UNIQUE KEY `kode_guru` (`kode_guru`),
  ADD UNIQUE KEY `no_wa` (`no_wa`);

--
-- Indeks untuk tabel `teacher_subjects`
--
ALTER TABLE `teacher_subjects`
  ADD PRIMARY KEY (`id_teacher_subject`),
  ADD UNIQUE KEY `id_guru` (`id_guru`,`id_mapel`),
  ADD KEY `id_mapel` (`id_mapel`);

--
-- Indeks untuk tabel `timetable`
--
ALTER TABLE `timetable`
  ADD PRIMARY KEY (`id_timetable`),
  ADD KEY `id_class_subject` (`id_class_subject`),
  ADD KEY `id_guru` (`id_guru`),
  ADD KEY `original_guru_id` (`original_guru_id`);

--
-- AUTO_INCREMENT untuk tabel yang dibuang
--

--
-- AUTO_INCREMENT untuk tabel `classes`
--
ALTER TABLE `classes`
  MODIFY `id_kelas` int(11) NOT NULL AUTO_INCREMENT, AUTO_INCREMENT=26;

--
-- AUTO_INCREMENT untuk tabel `class_subjects`
--
ALTER TABLE `class_subjects`
  MODIFY `id_class_subject` int(11) NOT NULL AUTO_INCREMENT, AUTO_INCREMENT=362;

--
-- AUTO_INCREMENT untuk tabel `lms_endpoints`
--
ALTER TABLE `lms_endpoints`
  MODIFY `id` int(11) NOT NULL AUTO_INCREMENT;

--
-- AUTO_INCREMENT untuk tabel `subjects`
--
ALTER TABLE `subjects`
  MODIFY `id_mapel` int(11) NOT NULL AUTO_INCREMENT, AUTO_INCREMENT=43;

--
-- AUTO_INCREMENT untuk tabel `teachers`
--
ALTER TABLE `teachers`
  MODIFY `id_guru` int(11) NOT NULL AUTO_INCREMENT, AUTO_INCREMENT=351;

--
-- AUTO_INCREMENT untuk tabel `teacher_subjects`
--
ALTER TABLE `teacher_subjects`
  MODIFY `id_teacher_subject` int(11) NOT NULL AUTO_INCREMENT, AUTO_INCREMENT=75;

--
-- AUTO_INCREMENT untuk tabel `timetable`
--
ALTER TABLE `timetable`
  MODIFY `id_timetable` int(11) NOT NULL AUTO_INCREMENT, AUTO_INCREMENT=11001;

--
-- Ketidakleluasaan untuk tabel pelimpahan (Dumped Tables)
--

--
-- Ketidakleluasaan untuk tabel `class_subjects`
--
ALTER TABLE `class_subjects`
  ADD CONSTRAINT `class_subjects_ibfk_1` FOREIGN KEY (`id_kelas`) REFERENCES `classes` (`id_kelas`) ON DELETE CASCADE,
  ADD CONSTRAINT `class_subjects_ibfk_2` FOREIGN KEY (`id_mapel`) REFERENCES `subjects` (`id_mapel`) ON DELETE CASCADE,
  ADD CONSTRAINT `class_subjects_ibfk_3` FOREIGN KEY (`id_guru_mutlak`) REFERENCES `teachers` (`id_guru`) ON DELETE SET NULL;

--
-- Ketidakleluasaan untuk tabel `teacher_subjects`
--
ALTER TABLE `teacher_subjects`
  ADD CONSTRAINT `teacher_subjects_ibfk_1` FOREIGN KEY (`id_guru`) REFERENCES `teachers` (`id_guru`) ON DELETE CASCADE,
  ADD CONSTRAINT `teacher_subjects_ibfk_2` FOREIGN KEY (`id_mapel`) REFERENCES `subjects` (`id_mapel`) ON DELETE CASCADE;

--
-- Ketidakleluasaan untuk tabel `timetable`
--
ALTER TABLE `timetable`
  ADD CONSTRAINT `timetable_ibfk_1` FOREIGN KEY (`id_class_subject`) REFERENCES `class_subjects` (`id_class_subject`) ON DELETE CASCADE,
  ADD CONSTRAINT `timetable_ibfk_2` FOREIGN KEY (`id_guru`) REFERENCES `teachers` (`id_guru`) ON DELETE SET NULL,
  ADD CONSTRAINT `timetable_ibfk_3` FOREIGN KEY (`original_guru_id`) REFERENCES `teachers` (`id_guru`) ON DELETE SET NULL;
COMMIT;

/*!40101 SET CHARACTER_SET_CLIENT=@OLD_CHARACTER_SET_CLIENT */;
/*!40101 SET CHARACTER_SET_RESULTS=@OLD_CHARACTER_SET_RESULTS */;
/*!40101 SET COLLATION_CONNECTION=@OLD_COLLATION_CONNECTION */;
